age_group,menu_seq,menu_name,topic,content_type,buyers,revenue_krw,price_amount,open_date,is_open,is_stop_selling
16-25,2141,그 사람의 속마음,연애,타로,5695,1.205145E7,1500,,true,false
16-25,400,다시 만날 수 있을까,연애,타로,3243,5314350.0,1500,,true,false
16-25,55723,2026년 솔로 탈출 시기,연애,사주,2635,5.594205E7,24000,2025-09-25 15:00:00+00,true,false
16-25,50312,2025 을사년 하반기 애정운,연애,사주,2483,4.64835E7,21750,2025-05-21 15:00:00+00,false,true
16-25,2505,지금 날 좋아하는 사람은?,연애,타로,2217,7535400.0,1500,,true,false
16-25,47704,삼신할매가 점지한 내 진짜 인연 VS 가짜 인연,연애,사주,2189,3.91302E7,24000,,true,false
16-25,49816,재회 사주: 헤어져도 다시 만날 필연,연애,사주,2040,4.60308E7,27000,2025-05-14 15:00:00+00,true,false
16-25,51565,2025년 하반기 솔로 탈출 시기,연애,사주,2012,3.73701E7,19500,2025-07-02 15:00:00+00,false,true
16-25,44273,🔋질문권 충전 (3개),기타,,1923,1243650.0,3000,,false,false
16-25,13663,어떤 사람과 사귈 운명일까?,연애,타로,1888,2277300.0,1500,,true,false
16-25,49255,내 팔자에 새겨진 천년배필,연애,사주,1886,3.551775E7,21000,2025-04-29 15:00:00+00,true,false
16-25,1210,우리 얼마나 오래 갈까?,연애,타로,1681,2263800.0,1500,,true,false
16-25,49882,그 사람의 숨겨진 진짜 속마음 💟,연애,타로,1615,4293150.0,2250,2025-05-14 15:00:00+00,true,false
16-25,2142,재회확률 높이는 법,연애,타로,1594,2554950.0,1500,,true,false
16-25,55360,2026년 신년운세 보고서,총운,사주,1592,5.093055E7,37500,2025-09-03 15:00:00+00,true,false
16-25,28894,재회 사주: 그 사람과 다시 만날 운명일까?,연애,사주,1528,3.339405E7,27000,2023-06-01 06:39:39+00,true,false
16-25,57670,2026 병오년 운세: 사랑과 인연,연애,사주,1387,2.380065E7,19500,2025-12-03 15:00:00+00,true,false
16-25,17212,그 사람이 연락을 안 하는 이유,연애,타로,1380,2393100.0,1500,2020-03-30 15:00:00+00,true,false
16-25,2166,그 사람과 나의 사주 궁합,연애,사주,1373,2.76441E7,21000,2021-09-07 15:00:00+00,true,false
16-25,59089,내 운명 지도: 전국편,연애,사주,1357,2.391795E7,19500,2026-02-25 15:00:00+00,true,false
16-25,31435,지금 날 간절히 원하는 사람 누구일까?,연애,타로,1273,2.41926E7,18000,2023-07-20 16:00:00+00,true,false
16-25,23878,내 운명 지금 어디 있을까?,연애,사주,1228,2.10486E7,18000,2022-10-18 15:00:00+00,true,false
16-25,43117,내 사주의 사랑운: 연애만? 결혼까지!,연애,사주,1224,1.97178E7,18000,2024-08-15 16:00:00+00,true,false
16-25,2236,전연인 어떻게 지낼까,연애,타로,1203,1891800.0,1500,,true,false
16-25,25978,D-DAY 재회 타로: 다시 만날 수 있을까?,연애,타로,1133,1.83978E7,18000,2023-03-08 15:00:00+00,true,false
16-25,47506,"재회 사주, 속마음 타로: {{이름}}님은 n일 뒤 재회합니다",연애,타로,1106,1.93965E7,18000,2025-02-19 15:00:00+00,true,false
16-25,18648,내가 관심 있는 거 눈치챘을까?,연애,타로,1023,691350.0,1500,2020-07-28 15:00:00+00,true,false
16-25,26214,그 사람도 날 좋아할까?,연애,타로,907,1.42146E7,15000,2023-03-26 15:00:00+00,true,false
16-25,57439,2026년에 찾아올 두 명의 인연,연애,사주,903,1.977E7,24000,2025-11-27 15:00:00+00,true,false
16-25,47935,재회OX궁합: 붙잡을 운명 vs 놓아줄 인연,연애,사주,900,2.008395E7,27000,2025-03-12 15:00:00+00,true,false
16-25,42952,내 사주에 쓰인 운명의 배우자,연애,사주,879,1.345935E7,18000,2024-08-07 15:00:00+00,true,false
16-25,21799,월지로 보는 인연: 배우자가 될 3명의 후보,연애,사주,867,1.391175E7,18000,2025-02-06 15:00:00+00,true,false
16-25,18104,전연인 어떻게 지낼까 + 재회확률 높이는 법,연애,타로,831,1123500.0,3000,,true,false
16-25,50014,2025년 하반기 운세 보고서,총운,사주,817,2.098095E7,31500,2025-05-28 15:00:00+00,false,true
16-25,20348,타고난 궁합: 우리 사이 몇 점일까?,연애,사주,779,574800.0,3000,2022-03-27 15:00:00+00,true,false
16-25,25297,사주로 보는 그 사람의 속마음,연애,사주,762,1.47747E7,18000,2023-01-09 15:00:00+00,true,false
16-25,48332,🪡6개월 내 반드시 만나게 될: 붉은 실 인연🧶,연애,타로,752,1.328025E7,18750,2025-03-27 15:00:00+00,true,false
16-25,21964,내 사주에 연애 상대 몇 명 있을까?,연애,사주,719,1.213095E7,24000,2022-07-21 15:00:00+00,true,false
16-25,56648,재회 궁합: 그 사람 반드시 돌아오게 하는 법,연애,사주,673,1.275885E7,24000,2025-10-29 15:00:00+00,true,false
16-25,23088,오늘의 썸 연애운: 그 사람과 잘 되는 법,연애,사주,632,442050.0,1500,2022-09-21 15:00:00+00,true,false
16-25,52621,{{이름}}님의 3번의 결정적 결혼수💍,결혼,사주,631,1.174455E7,24000,2025-07-16 15:00:00+00,true,false
16-25,57769,2026년 족집게 애정운 🌸,연애,사주,629,1.07058E7,19500,2025-12-10 15:00:00+00,true,false
16-25,24572,"{{이름}}[[이의/의]] 운명의 인연, 언제 만날까?",연애,사주,594,9700500.0,18000,2025-01-22 15:00:00+00,true,false
16-25,16378,짝사랑 이루어질까?,연애,타로,591,6106650.0,9000,,true,false
16-25,523,결혼한다면 어떨까?,결혼,타로,567,369150.0,1500,,true,false
16-25,18270,그 사람 아직 나한테 미련 있을까?,연애,타로,563,5452800.0,10500,2020-06-18 15:00:00+00,true,false
16-25,56416,[창광] 26년 병오년 사랑운과 인연운,연애,사주,559,9310200.0,20250,2025-10-15 15:00:00+00,true,false
16-25,2217,그날 헤어지지 않았다면,연애,타로,556,359550.0,1500,,true,false
16-25,57010,2026 신년 애정운: 연애/재회/미혼/기혼,연애,사주,536,8722200.0,19500,2025-11-13 15:00:00+00,true,false
16-25,18653,내 SNS 염탐하는 사람 있을까?,연애,타로,535,470550.0,1500,2020-09-16 15:00:00+00,true,false
16-25,26805,그 사람과 나의 3가지 사주궁합,연애,사주,522,1.208355E7,27000,2023-04-14 07:00:00+00,true,false
16-25,18639,걔는 나를 연애 상대로 볼까?,연애,타로,519,3467100.0,9000,2020-07-22 15:00:00+00,true,false
16-25,39091,재회 타로 : 그 사람의 첫 연락,연애,타로,501,6426750.0,13500,,true,false
16-25,21734,그 사람 속마음 [심화],연애,타로,495,9577650.0,18000,2022-06-28 15:00:00+00,true,false
16-25,2429,그 사람과 사귀면 어떨까?,연애,타로,477,895050.0,1800,,true,false
16-25,54668,결혼 사주 즉문즉답: 시기・상대・개운・팔자,결혼,사주,470,8108850.0,19500,2025-08-21 15:00:00+00,true,false
16-25,50542,[창광] 25년 하반기: 사랑운과 인연운,연애,사주,469,7636050.0,20250,2025-06-04 15:00:00+00,false,true
16-25,22360,사주로 보는 내 결혼 상대는?,결혼,사주,464,7528500.0,18000,2022-08-10 15:00:00+00,true,false
16-25,19192,타고난 결혼운 + 내 운명의 상대,결혼,사주,461,1.243095E7,36000,2021-08-23 15:00:00+00,true,false
16-25,48463,나만 몰랐던 호감시그널 : 붉은 실 인연🧶,연애,타로,454,8044500.0,18000,2025-04-02 15:00:00+00,true,false
16-25,54701,[박향옥 철학관] 추가 질문 1개,결혼,사주,450,1703400.0,3000,,false,false
16-25,23705,그 사람 얼마나 잘 지낼까?,연애,타로,447,789600.0,1500,2022-09-29 15:00:00+00,true,false
16-25,2227,동갑vs연하vs연상,연애,타로,444,266250.0,1500,,true,false
16-25,18467,먼저 연락 올 확률은?,연애,타로,440,3052350.0,6000,2020-07-07 15:00:00+00,true,false
16-25,18646,그 사람 나랑 '어디까지' 상상해봤을까?,연애,타로,432,622500.0,1500,2020-07-30 11:47:00+00,true,false
16-25,2366,지금 헤어져도 될까,연애,타로,431,707100.0,1500,,true,false
16-25,48892,🩵하늘이 맺어준 혼인길 점괘🩵,결혼,사주,415,8206800.0,21000,2025-04-16 15:00:00+00,true,false
16-25,23187,이번 주에 만나게 될 인연은?,연애,타로,414,241350.0,1500,2022-09-26 15:00:00+00,true,false
16-25,43513,2025 을사년 운세: 사랑과 인연,연애,사주,410,6858450.0,19500,2024-09-10 15:00:00+00,false,true
16-25,2503,그 사람이 보는 내 이미지,연애,타로,410,743250.0,1500,,true,false
16-25,23086,D-DAY 타로: 솔로 탈출까지 며칠 남았을까?,연애,타로,408,6489300.0,16500,2022-09-21 15:00:00+00,true,false
16-25,2202,사주로 보는 직업운,학업직업,사주,398,509250.0,1500,,true,false
16-25,58165,인연 찾기: 시기/상대/만나는 방법,연애,사주,380,6048150.0,19500,2026-01-07 15:00:00+00,true,false
16-25,18142,"다음 연애 언제, 어디서 시작될까?",연애,타로,377,4596000.0,12000,2020-06-03 15:00:00+00,true,false
16-25,27376,결혼 OX 궁합: 이 사람과 결혼해도 될까?,결혼,사주,375,7078200.0,21000,2023-04-26 16:00:00+00,true,false
16-25,2328,내 운명의 상대,연애,사주,367,5204400.0,15000,2021-02-11 15:00:00+00,true,false
16-25,16426,좋아하는 그 사람의 속마음은?,연애,타로,362,3699000.0,10500,2019-12-19 15:00:00+00,true,false
16-25,2425,이달의 합격운,학업직업,사주,351,1100250.0,3000,,true,false
16-25,45097,헤어진 X와 재회할 수 있을까?,연애,사주,347,7794750.0,27000,2024-11-20 15:00:00+00,true,false
16-25,2449,그 사람과 가까워지는 법,연애,타로,344,526950.0,1500,,true,false
16-25,20320,(추천할인) 우리 사귈 수 있을까?: 사귈 확률 계산기,연애,타로,343,2517900.0,9000,,false,false
16-25,49921,연애 무물 타로: 11카드 스프레드,연애,,341,7596750.0,30000,,false,false
16-25,42392,2025년 솔로 탈출 시기,연애,사주,339,7433400.0,24000,2024-09-26 06:00:00+00,false,true
16-25,16377,3개월 안에 다시 만날 수 있을까?,연애,타로,334,3184350.0,9000,,true,false
16-25,23222,그 사람 나한테 왜 이럴까?,연애,타로,329,526650.0,1500,2022-09-27 15:00:00+00,true,false
16-25,16223,솔로 탈출 언제 가능할까?,연애,타로,326,2795400.0,9000,,true,false
16-25,23186,이번 주에 고백하면 성공할까?,연애,타로,326,227400.0,1500,2022-09-26 15:00:00+00,true,false
16-25,24871,1년 뒤 그 사람과 무슨 사이일까?,연애,타로,324,867000.0,3600,2022-12-14 15:00:00+00,true,false
16-25,56516,[창광] 26년 병오년 직업운과 합격운,학업직업,사주,323,5510400.0,20250,2025-10-29 15:00:00+00,true,false
16-25,18725,헤어진 연인과의 재회 확률,연애,,322,884550.0,6000,2021-01-15 02:25:00+00,true,false
16-25,41074,[완결판] 곧 다가올 나의 인생 연애,연애,타로,319,5700000.0,19500,2024-05-22 15:00:00+00,true,false
16-25,536,시험 잘 볼 수 있을까,학업직업,타로,306,559650.0,1500,,true,false
16-25,43416,[히든스킬] 내 사주의 연애와 결혼: 운명의 두 사람,연애,사주,305,3518550.0,18000,,false,false
16-25,2165,사주로 보는 재물운,재물금전,사주,302,371100.0,1500,,true,false
16-25,42660,"우리 커플 삼단궁합 : 연애궁합, 속궁합, 결혼궁합",연애,사주,296,6159900.0,27000,2024-07-26 02:00:01+00,true,false
16-25,2240,연애할 때 내 매력은 뭘까?,연애,타로,294,186900.0,1500,,true,false
16-25,2441,우리 커플 스킨십 궁합은?,연애,타로,280,186150.0,1500,,true,false
16-25,30940,이 사랑의 결말: 그 사람과 나의 인연,연애,타로,278,5170050.0,18000,2023-07-05 16:00:00+00,true,false
16-25,18105,다가올 인연의 외모·성격·직업은?,연애,타로,275,2446500.0,9000,2020-05-31 15:00:00+00,true,false
16-25,50344,[추가구매] 2025 을사년 하반기 애정운,연애,사주,267,2361900.0,9000,,false,true
16-25,2196,헤어진 사람 잊는 법,연애,타로,264,172800.0,1500,,true,false
16-25,18705,나는 결혼해도 되는 사주일까?,결혼,사주,257,664650.0,3000,2020-09-22 15:00:00+00,true,false
16-25,59452,추가조언_고민 OX 타로,기타,,255,61500.0,150,,false,false
16-25,59584,그 사람의 속마음: 연애/결혼/재회/짝사랑,연애,사주,253,4860900.0,19500,2026-03-25 15:00:00+00,true,false
16-25,2128,연애운 높이는 노하우,연애,타로,252,142200.0,1500,,true,false
16-25,2272,나는 어떤 타입과 어울릴까?,일반운세,타로,248,140850.0,1500,,true,false
16-25,2151,우리가 헤어진 이유,연애,타로,246,146250.0,1500,,true,false
16-25,50773,[창광] 25년 하반기: 직업운과 합격운,학업직업,사주,246,4019250.0,20250,2025-06-18 15:00:00+00,false,true
16-25,37705,재회 vs 작별: 운명에 새겨진 우리의 엔딩,연애,사주,240,4424400.0,21000,2024-01-17 16:00:00+00,true,false
16-25,53875,짝사랑에서 썸까지: 우리 무슨 사이일까?,연애,타로,240,4090950.0,18000,2025-07-30 15:00:00+00,true,false
16-25,2170,우리가 헤어진다면,연애,타로,239,360000.0,1500,,true,false
16-25,2395,내 첫인상 어떨까?,일반운세,타로,234,155700.0,1500,,true,false
16-25,55195,사주 살풀이: 타고난 살과 2026년의 살,일반운세,사주,231,3951900.0,21000,2025-09-10 15:00:00+00,true,false
16-25,55789,2026 신년운세 즉문즉답: 애정・재물・직업・대운,연애,사주,225,5101350.0,28500,2025-09-18 15:00:00+00,true,false
16-25,58759,"재회의 조건: 골든타임, 시그널, 행동지침",연애,사주,223,4045950.0,19500,,true,false
16-25,20347,내 인생의 귀인 + 운명의 상대는?,연애,사주,223,2558700.0,30000,2022-03-24 15:00:00+00,true,false
16-25,2303,그 사람과 나의 전생 관계,연애,점성학,219,154200.0,1500,,true,false
16-25,18641,걔도 지금 나 보고 싶을까?,연애,타로,218,1662600.0,6000,,true,false
16-25,2445,짝남이랑 사귈 수 있을까? : 고백 성공률 계산기,연애,타로,215,278400.0,3000,,true,false
16-25,58528,시절 인연 vs 평생 인연,연애,사주,214,3499650.0,18750,2026-01-15 15:00:00+00,true,false
16-25,44108,2025년에 찾아올 두 명의 인연,연애,사주,214,4767300.0,24000,2024-10-09 15:00:00+00,false,true
16-25,44274,🔋질문권 충전 (5개),기타,,208,818250.0,4500,,false,false
16-25,26893,내 사주의 찐성격과 이상형은?,일반운세,사주,203,302250.0,4500,2023-04-13 16:00:00+00,true,false
16-25,44276,🪫질문권 추가 충전 (1개),기타,,203,312150.0,1500,,false,false
16-25,49917,연애 무물 타로: 7카드 스프레드,연애,,199,3576750.0,25800,,false,false
16-25,2265,내 연애가 유독 힘든 이유,연애,타로,198,116700.0,1500,,true,false
16-25,2363,그 사람이 바라는 내 모습은?,연애,타로,198,326250.0,1500,,true,false
16-25,2263,내 애인 바람기,연애,타로,195,319800.0,1500,,true,false
16-25,2422,특정 날짜 내 사주 운세,일반운세,사주,189,345900.0,1500,,true,false
16-25,54271,연락타로: 그 사람 속마음 & 행동지침,연애,타로,186,3134700.0,18000,2025-08-13 15:00:00+00,true,false
16-25,20974,타고난 부(富): 내 사주 재물운과 평생 모을 재산은?,재물금전,사주,181,3031200.0,18000,2022-05-03 15:00:00+00,true,false
16-25,28378,"[1단계 생각 정리] 미련일까, 사랑일까?",연애,타로,181,377700.0,6000,2023-05-22 15:00:00+00,true,false
16-25,11273,둘 중 누구를 만날까?,일반운세,타로,179,120750.0,1500,,true,false
16-25,30875,내 사주 배우자 궁(宮)에 있는 사람은?,연애,사주,178,3570300.0,27000,2023-07-03 16:00:00+00,true,false
16-25,44866,"솔로 n년, 연애하고 싶다! 연애 슬럼프 탈출",연애,사주,173,2844150.0,18000,2024-12-04 15:00:00+00,true,false
16-25,2219,다른 사람이 보는 내 매력과 장점은?,일반운세,타로,170,124050.0,1500,,true,false
16-25,2155,이달의 취업운은 어떨까?,학업직업,타로,168,137250.0,1500,,true,false
16-25,21140,(추천할인) 솔로 탈출 가능할까?,연애,타로,166,1277850.0,9000,,false,false
16-25,48925,{{이름}}[[이의/의]] 연애 O X : 직진해도 될까?,연애,타로,162,2583150.0,16500,2025-04-23 15:00:00+00,true,false
16-25,2237,그 사람의 변심 이유,연애,타로,159,236700.0,1500,,true,false
16-25,42062,사주 살풀이: 타고난 살과 2025년의 살,일반운세,사주,158,1902750.0,21450,2024-08-28 15:00:00+00,false,true
16-25,26500,"내 사주의 천생연분, 어떤 사람일까?",연애,사주,158,2561100.0,21000,2023-04-06 10:00:00+00,true,false
16-25,2250,면접 합격할 수 있을까?,학업직업,타로,158,277950.0,1500,,true,false
16-25,36042,사주로 보는 그 사람의 '진짜' 속마음🚨,연애,사주,157,3318900.0,21000,2023-11-15 16:00:00+00,true,false
16-25,18668,사주로 보는 성격유형,자기탐구,사주,154,106800.0,9900,,true,false
16-25,18502,그 사람이랑 결혼하면 어떨까?,연애,타로,153,649050.0,9000,,true,false
16-25,18144,그 사람 손절할까 말까?,연애,타로,152,116250.0,1500,2020-06-10 15:00:00+00,true,false
16-25,16379,썸 어떻게 될까?,연애,타로,150,770550.0,9000,,true,false
16-25,55492,재회 타로 즉문즉답: 그 사람 속마음·재회 가능성,연애,타로,149,3042450.0,25800,2025-09-11 15:00:00+00,true,false
16-25,20546,나에게 남은 연애 기회는?,연애,타로,141,2049450.0,15000,2022-04-05 15:00:00+00,true,false
16-25,57835,[추가구매] 2026 병오년 운세: 사랑과 인연,연애,사주,141,1323000.0,9000,,false,false
16-25,23883,선택 타로: 이 사람 계속 만나도 될까?,연애,타로,140,1119450.0,15000,2022-10-31 15:00:00+00,true,false
16-25,24509,내 사주의 연애와 결혼: 운명의 두 사람,연애,사주,140,2133300.0,18000,2022-12-11 15:00:00+00,true,false
16-25,49519,임신운 풀이: 삼신할매가 점지한 우리 아가,가족자녀,사주,140,3972450.0,31500,2025-05-08 15:00:00+00,true,false
16-25,56255,2026년 놓치면 안 될 3번의 기회,일반운세,사주,136,2445450.0,21000,2025-10-09 15:00:00+00,true,false
16-25,19215,다음 연애 상대와의 궁합은?,연애,타로,136,544650.0,9000,2021-09-27 15:00:00+00,true,false
16-25,16446,솔로탈출 확률 계산기,연애,타로,134,587400.0,9000,2020-01-09 15:00:00+00,true,false
16-25,19002,이별리셋 패키지: 전애인 후폭풍 + 재회운,연애,타로,133,2116500.0,18000,,true,false
16-25,537,나에게 어울리는 직업은?,학업직업,타로,133,131850.0,1500,,true,false
16-25,27706,비로소 만나게 될 나의 운명,연애,타로,131,1911000.0,15000,2023-06-06 16:00:00+00,true,false
16-25,43249,"사주 직업 컨설팅: 사업, 직장, 업종",학업직업,사주,128,1936800.0,18000,2024-08-22 15:00:00+00,true,false
16-25,19324,손금으로 보는 내 전생,자기탐구,사주,125,150000.0,3000,,false,false
16-25,35527,사주 궁합으로 보는 우리의 현재와 미래,연애,사주,124,2472750.0,21000,2023-10-31 16:00:00+00,true,false
16-25,2273,전생 알아보기,자기탐구,점성학,123,136800.0,1500,,true,false
16-25,2329,화 풀어주는 법,일반운세,타로,123,95250.0,1500,,true,false
16-25,2326,그 사람과 나의 속궁합,연애,사주,122,2584350.0,21000,2021-03-04 15:00:00+00,true,false
16-25,2129,싸우지 않으려면,연애,타로,121,92400.0,1500,,true,false
16-25,6315,짝사랑 잊는 법,연애,타로,120,67950.0,1500,,true,false
16-25,43683,[창광] 25년 을사년 사랑운과 인연운,연애,사주,118,1951500.0,18000,2024-10-03 15:00:00+00,false,true
16-25,538,이직해도 될까,학업직업,타로,117,97800.0,1500,,true,false
16-25,16651,장거리 연애 괜찮을까?,연애,타로,115,69150.0,1500,2020-02-25 15:00:00+00,true,false
16-25,44371,도화살로 보는 연애운 전성기,연애,사주,114,1864500.0,19500,2024-10-30 15:00:00+00,true,false
16-25,56614,"[창광] 신년운세 통합본 ""2026년 병오년""",총운,사주,111,6081300.0,66000,2025-11-05 15:00:00+00,true,false
16-25,60244,연애 상대 스포: 내 사주 존잘/존예,,사주,110,1863750.0,19500,2026-04-29 15:00:00+00,true,false
16-25,24175,도화살 풀이: 내 매력 언제 터질까?,연애,사주,109,1861800.0,18900,2022-11-10 15:00:00+00,true,false
16-25,34575,절대로 놓치면 안 될 결혼 상대와 시기는?,결혼,사주,109,2068650.0,21000,2023-09-24 16:00:00+00,true,false
16-25,44277,🪫질문권 추가 충전 (3개),기타,,107,324000.0,3000,,false,false
16-25,56713,2026년 솔로 탈출 보고서,연애,타로,105,1561950.0,18000,2025-11-19 15:00:00+00,true,false
16-25,45658,이 사람과 결혼해도 될까?: 결혼 전 필수 궁합,결혼,사주,105,2072400.0,21000,2025-01-02 15:00:00+00,true,false
16-25,40708,"이별, 그 후… 너와 나의 속마음",연애,타로,104,1861800.0,19500,2024-05-09 16:00:00+00,true,false
16-25,58462,내 사주 관운: 지금 직장 최선일까?,학업직업,사주,104,1637700.0,18000,2026-01-21 15:00:00+00,true,false
16-25,30217,친구 VS 연인: 우리 둘 관계 어디까지?,연애,타로,104,1593000.0,18000,2023-06-21 15:00:00+00,true,false
16-25,18726,그 사람과 왜 헤어지게 된 걸까?,연애,,102,364950.0,7500,2021-01-15 02:25:00+00,true,false
16-25,53710,내 사주 일복: 평생 일할 팔자 vs 놀고먹는 팔자,일반운세,사주,101,1615650.0,19500,2025-07-24 15:00:00+00,true,false
16-25,42754,그 사람과 나의 재회 공식 3가지,연애,타로,101,1603500.0,17250,2024-08-01 05:00:00+00,true,false
16-25,57373,2026 신년 직업・재물운: 커리어/연봉/부업・사업,재물금전,사주,98,1552350.0,19500,2025-11-19 15:00:00+00,true,false
16-25,2465,사주로 보는 내 전성기,일반운세,사주,97,383100.0,9000,,true,false
16-25,18702,내 사주로 연예인이 된다면?,일반운세,사주,96,67350.0,2000,2020-09-15 07:40:00+00,true,false
16-25,42036,[CRM할인] D-DAY 타로: 솔로 탈출까지 며칠 남았을까?,연애,타로,95,1336800.0,16500,,false,false
16-25,18970,다음 달에 애인 생길까?,연애,타로,95,857850.0,9000,2021-04-20 15:00:00+00,true,false
16-25,2296,지금 하는 거...계속 할까 말까?,일반운세,타로,91,183900.0,1500,,true,false
16-25,19176,그 사람을 유혹할 3번의 기회,연애,타로,91,518700.0,6000,2021-08-12 15:00:00+00,true,false
16-25,25204,플러팅 타로: 내가 끌리는 VS 내게 끌리는 사람,일반운세,타로,91,1459650.0,18000,2023-01-04 15:00:00+00,true,false
16-25,49916,연애 무물 타로: 6카드 스프레드,연애,,90,1532100.0,24600,,false,false
16-25,43685,[창광] 25년 을사년 직업운과 합격운,학업직업,사주,90,1013100.0,18000,2024-10-16 15:00:00+00,false,true
16-25,56254,결혼 궁합: 부부 합과 결혼 후 모습,연애,사주,89,2181450.0,24000,2025-10-01 15:00:00+00,true,false
16-25,526,우리가 싸우는 이유,연애,타로,88,64500.0,1500,,true,false
16-25,60080,결혼 상대 외모 스펙: 상위 몇%일까?,,사주,87,1617600.0,19500,2026-04-23 15:00:00+00,true,false
16-25,20317,"(추천할인) 다음 연애 언제, 어디서 시작될까?",연애,타로,87,911400.0,12000,,false,false
16-25,19688,그 사람을 유혹할 3번의 기회_추천할인,연애,타로,86,482700.0,6000,,false,false
16-25,58792,"내 사주 최고의 결혼, 최악의 결혼",결혼,사주,86,1505100.0,19500,2026-02-04 15:00:00+00,true,false
16-25,34075,"불안한 사랑, 우리 관계의 미래는?",연애,사주,83,4637700.0,49500,,true,false
16-25,56383,2026년 나에게 찾아올 12가지 행운,총운,타로,81,782400.0,13500,2025-10-09 15:00:00+00,true,false
16-25,34636,내 사주에 자녀 몇 명일까?: 타고난 재능과 성공운까지,가족자녀,사주,80,703650.0,9000,2023-10-02 16:00:00+00,true,false
16-25,47638,"🏆재물, 커리어, 학업: 황금 타이밍",재물금전,사주,80,1246500.0,18000,2025-02-26 15:00:00+00,true,false
16-25,23704,내 마음은 지금 어떤 상태일까?,일반운세,타로,80,103050.0,3000,2022-10-13 15:00:00+00,true,false
16-25,57934,2026 신년 결혼운: 내 인생 최고의 배우자는?,결혼,사주,79,1321500.0,19500,2025-12-18 04:30:00+00,true,false
16-25,2343,우리 2세는 어떤 아이일까?,일반운세,타로,79,50250.0,1500,2020-07-30 15:00:00+00,true,false
16-25,26502,사주로 보는 결혼수: 나는 언제 결혼할까?,결혼,사주,78,1975950.0,27000,2023-03-30 15:00:00+00,true,false
16-25,2248,서류 합격할 수 있을까?,학업직업,타로,78,185850.0,1500,,true,false
16-25,39784,그 사람과 애인… 언제 헤어질까?,연애,타로,77,1125150.0,12000,,true,false
16-25,453,내 인생 황금기와 암흑기: 사주팔자 풀이,일반운세,사주,77,1210050.0,18000,,true,false
16-25,2351,퇴사할까 말까,학업직업,타로,77,61950.0,1500,,true,false
16-25,2127,이 주의 금전운,재물금전,타로,76,55800.0,1500,,true,false
16-25,540,직장사람 속마음,연애,타로,75,63750.0,1500,,true,false
16-25,39852,"내 운명의 연애, 몇 번 남았을까?",연애,점성학,75,1230150.0,21000,2024-04-24 15:00:00+00,true,false
16-25,23089,연봉 상승 비책: 올해 취업•이직운,재물금전,사주,74,1143750.0,18000,2025-01-30 15:00:00+00,true,false
16-25,18962,솔로탈출 패키지: 솔탈확률 + 3개월 연애운,연애,타로,74,1076400.0,22500,,true,false
16-25,21150,(추천할인) 그 사람 아직 나한테 미련 있을까?,연애,타로,74,525300.0,9000,,false,false
16-25,18631,3개월 안에 애인 생길까?,연애,타로,73,2079450.0,27000,2020-07-16 15:00:00+00,true,false
16-25,43415,[히든스킬] 내 사주에 쓰인 운명의 배우자,결혼,사주,73,1129050.0,18000,,false,false
16-25,2428,사주로 보는 전생과 현생,자기탐구,사주,73,326700.0,9000,,true,false
16-25,59914,최후 재회 방법: 도저히 붙잡히지 않는 그 사람,,사주,73,1341450.0,19500,2026-04-08 15:00:00+00,true,false
16-25,28379,[2단계 이별 공식] 우리가 헤어진 '진짜' 이유,연애,타로,71,186150.0,7500,2023-05-22 15:00:00+00,true,false
16-25,26242,(추천할인) D-DAY 재회 타로: 다시 만날 수 있을까?,연애,타로,71,519300.0,18000,,false,false
16-25,17806,운명의 상대 공략법,연애,사주,71,246600.0,9000,2020-04-28 15:00:00+00,true,false
16-25,43447,2025년 나에게 찾아올 12가지 행운,총운,타로,70,680850.0,13500,2024-08-29 08:30:00+00,false,true
16-25,29757,그 사람 미리보기,연애,사주,70,638100.0,21000,2023-06-09 05:14:14+00,true,false
16-25,19060,다음 달엔 짝사랑 끝낼 수 있을까?,연애,타로,69,698100.0,9000,2021-07-27 15:00:00+00,true,false
16-25,49321,연애견적서: 그 사람 만나도 될까?,연애,,69,1099800.0,18000,2025-05-08 15:00:00+00,true,false
16-25,21144,(추천할인) 짝사랑 이루어질까?,연애,타로,68,494100.0,9000,,false,false
16-25,18647,둘 중 누가 더 좋아할까?,연애,타로,68,581250.0,7500,2020-07-29 10:55:00+00,true,false
16-25,22795,사주팔자로 나의 성향 알아보기,일반운세,,67,86100.0,4500,,true,false
16-25,53644,관상 컨설팅: 미래 배우자 스펙 UP,연애,기타,67,818250.0,13500,2025-08-19 15:00:00+00,true,false
16-25,25175,그 사람의 진짜 속마음,연애,,66,25200.0,1500,2023-01-27 15:00:00+00,true,false
16-25,41170,2025년 솔로 탈출 보고서,연애,타로,66,1041300.0,18000,2024-09-05 05:00:00+00,false,true
16-25,17443,우리 사귈 수 있을까? : 사귈 확률 계산기,연애,타로,64,594750.0,9000,2020-04-07 15:00:00+00,true,false
16-25,2216,그 회사가 나랑 잘 어울릴까?,일반운세,타로,63,127050.0,1500,,true,false
16-25,2251,소개팅 상대 어떤 사람일까?,연애,타로,63,39600.0,1500,,true,false
16-25,19206,그 사람 공략법: 속마음 + 3번의 유혹 기회,연애,타로,63,895650.0,15000,2021-09-09 15:00:00+00,true,false
16-25,18964,이번 달에 애인 생길까?,연애,타로,61,542400.0,10500,2021-04-15 15:00:00+00,true,false
16-25,42327,[CRM할인] D-DAY 재회 타로: 다시 만날 수 있을까?,연애,타로,60,875850.0,18000,,false,false
16-25,17147,지원한 회사에 합격할 수 있을까?,학업직업,타로,60,615150.0,9000,2020-03-26 15:00:00+00,true,false
16-25,19918,이번 달 우리 사이 어떨까?,연애,타로,60,259650.0,9000,2022-03-02 15:00:00+00,true,false
16-25,27178,내 사주의 배우자 궁에 있는 사람은?,연애,사주,59,1183500.0,27000,2023-04-21 01:00:00+00,true,false
16-25,18146,선택타로 - A vs B,일반운세,타로,59,790200.0,9000,2020-06-10 15:00:00+00,true,false
16-25,43216,2025년 신년운세 보고서,총운,사주,59,1110600.0,37500,2024-09-04 15:00:00+00,false,true
16-25,51301,사주+타로: 임신운 심층 분석,가족자녀,타로,57,1543950.0,31500,2025-06-19 15:00:00+00,true,false
16-25,36439,"짝이 있는 그 사람, 나에게 올까?",연애,사주,56,2455950.0,49500,2023-11-28 15:00:00+00,true,false
16-25,55129,연애 끊이지 않는 관상: 도화&홍염,연애,기타,56,324900.0,7500,2025-09-03 15:00:00+00,true,false
16-25,59353,시기로 보는 연애운: 똥차 시기 & 꽃길 시기,연애,사주,56,948900.0,19500,2026-03-11 15:00:00+00,true,false
16-25,51499,[창광] 25년 하반기 운세 통합편,총운,사주,56,3144450.0,66000,2025-06-25 15:00:00+00,false,true
16-25,53974,이 3번의 기회로: 상위 N% 부자가 됩니다,재물금전,사주,55,965250.0,19500,2025-08-07 15:00:00+00,true,false
16-25,21151,(추천할인) 헤어진 연인 붙잡을 수 있을까?,연애,타로,55,204000.0,9000,,false,false
16-25,59782,"★{{시스템_생년}}★년생이면 꼭 봐야 할, 3번의 기회",일반운세,사주,55,880050.0,19500,2026-04-01 15:00:00+00,true,false
16-25,18709,"그때 그 느낌, 혹시 시그널이었을까?",연애,타로,55,324600.0,6000,2020-09-28 15:00:00+00,true,false
16-25,18643,걔네 서로 좋아할까?,연애,타로,54,466650.0,6000,,true,false
16-25,2222,ADHD 진단,기타,진단,54,12600.0,900,,true,false
16-25,18635,사주로 보는 대박 부업운,재물금전,사주,53,108450.0,4500,2020-07-22 10:30:00+00,true,false
16-25,49919,연애 무물 타로: 9카드 스프레드,연애,,53,983400.0,27900,,false,false
16-25,47737,"'OO세, 이 선택으로 운명이 바뀝니다'",일반운세,사주,52,830100.0,18000,2025-03-05 15:00:00+00,true,false
16-25,36508,내 사주에 적힌 운명의 배우자,연애,사주,52,700350.0,15000,2023-12-06 16:00:00+00,true,false
16-25,44899,임신 타로: 이번 달 우리 아기 찾아올까?,가족자녀,타로,51,1497450.0,29250,2024-11-27 15:00:00+00,true,false
16-25,56515,[창광] 26년 병오년 재물운과 문서운,재물금전,사주,51,834000.0,20250,2025-10-22 15:00:00+00,true,false
16-25,998,공황장애 진단,기타,진단,51,15900.0,900,,true,false
16-25,56185,2026년 신년운세: 궁금한 건 다 봐주는 신년 타로,총운,타로,49,842700.0,25800,2025-10-01 15:00:00+00,true,false
16-25,21173,(추천할인) 좋아하는 그 사람의 속마음은?,연애,타로,49,159600.0,9000,,false,false
16-25,18301,{{이름}}[[이의/의]] 11월 종합운,일반운세,타로,48,734700.0,12000,,true,false
16-25,19127,그 사람 스킨십 스타일: 침대에서 더 행복한 법,연애,사주,47,128250.0,9000,2021-07-15 15:00:00+00,true,false
16-25,26271,내 인생의 귀인 + 운명의 인연은? [실사판],연애,사주,47,1303050.0,39000,2023-03-20 15:00:00+00,true,false
16-25,58132,대운 풀이: 반드시 찾아올 3번의 기회,총운,사주,47,746850.0,19500,2026-01-01 15:00:00+00,true,false
16-25,29192,바람기 잡는 법: 그 사람 사주의 바람기,연애,사주,46,892200.0,21000,2023-05-30 16:00:00+00,true,false
16-25,24008,절대 놓치면 안 될 결혼 상대와 시기는?,결혼,사주,46,904200.0,21000,2022-11-02 15:00:00+00,true,false
16-25,59419,최고의 선택일까?: 결혼 궁합 진단,결혼,사주,46,761850.0,19500,2026-03-18 15:00:00+00,true,false
16-25,16450,둘 중 누구를 선택해야 할까?,연애,타로,45,430500.0,9000,2020-01-13 15:00:00+00,true,false
16-25,18637,헤어진 사람 언제 잊을 수 있을까?,연애,타로,44,181800.0,9000,2020-07-23 04:30:00+00,true,false
16-25,32788,[추천] 내 사주에 연애 상대 몇 명 있을까?_상대와 시기,연애,사주,44,704550.0,24000,,false,false
16-25,19010,👀후방주의: 스킨십 궁합 패키지,연애,사주,44,1099650.0,30000,2021-06-09 15:00:00+00,true,false
16-25,43348,[히든스킬] 내 사주에 연애 상대 몇 명 있을까?,연애,,43,782400.0,24000,,false,false
16-25,22327,내 운명 지금 어디 있을까?,연애,타로,42,607350.0,15000,2022-08-18 15:00:00+00,true,false
16-25,2262,내 연애 애착유형 분석,연애,진단,42,79200.0,4500,,true,false
16-25,16396,우리 사랑 깊어지려면?,연애,타로,41,387750.0,10500,2019-12-10 09:30:00+00,true,false
16-25,56647,2026년 커플 관계 보고서,연애,타로,41,639600.0,18000,2025-11-12 15:00:00+00,true,false
16-25,24176,그 사람과 내가 결혼할 확률은?,연애,타로,41,636000.0,16500,2022-11-14 15:00:00+00,true,false
16-25,29193,내 사주 속 최고의 겉궁합 VS 속궁합 상대는?,연애,사주,40,657150.0,21000,2023-06-01 16:00:00+00,true,false
16-25,54503,운명의 결혼 상대: 배우자 스펙·결혼 시기·만나는 법,결혼,타로,40,680850.0,25800,2025-08-21 15:00:00+00,true,false
16-25,2466,반려동물과 나의 전생 관계,연애,타로,40,22350.0,1500,,true,false
16-25,19177,이번 달엔 짝사랑 끝낼 수 있을까?,연애,타로,40,362700.0,9000,2021-08-03 15:00:00+00,true,false
16-25,43612,[추가구매] 2025 을사년 운세: 사랑과 인연,연애,사주,39,350100.0,9000,,false,true
16-25,28380,[3단계 재회 실전] 연락 그리고 타이밍,연애,타로,39,254850.0,9000,2023-06-01 15:00:00+00,true,false
16-25,16816,이름풀이 - 운명과 주의할 점,일반운세,사주,39,374850.0,10500,2020-03-11 15:00:00+00,true,false
16-25,20314,(추천할인) 그 사람과 나의 속궁합,연애,사주,39,680700.0,21000,,false,false
16-25,18659,사주로 보는 가족운,일반운세,사주,38,54450.0,3000,2020-08-12 15:00:00+00,true,false
16-25,2370,번아웃 증후군 진단,기타,진단,38,9750.0,900,,true,false
16-25,27153,세이렌이 전하는 짝사랑 조언,연애,,38,2550.0,300,2023-04-19 15:00:00+00,true,false
16-25,19984,다음 달 우리 사이 어떨까?,연애,타로,38,176100.0,9000,2022-03-09 15:00:00+00,true,false
16-25,23087,오늘의 대박 지수: 금전운 풀이,재물금전,사주,37,35250.0,1500,2022-09-21 15:00:00+00,true,false
16-25,49920,연애 무물 타로: 10카드 스프레드,연애,,37,688050.0,28950,,false,false
16-25,39332,(업셀링_판밍밍) 재회 코칭 프리패스,연애,기타,37,431400.0,12000,,false,false
16-25,28729,내 운이 트이는 동네는?(서울편),일반운세,사주,36,706350.0,24000,2023-05-25 23:25:30+00,true,false
16-25,24779,재회 타로: 우리가 헤어진 진짜 이유,연애,타로,35,581550.0,16500,2022-12-08 15:00:00+00,true,false
16-25,23153,(추천 할인) D-DAY 타로: 솔로 탈출까지 며칠 남았을까?,연애,타로,35,475500.0,16500,,false,false
16-25,20182,(추천할인) 내 인생 언제 필까? 3번의 기회,일반운세,사주,35,498300.0,18000,,false,false
16-25,2203,사주로 보는 건강운,자기탐구,사주,35,41100.0,1500,2020-09-02 15:00:00+00,true,false
16-25,26808,오늘 그 사람은 내 SNS를 염탐했을까?,연애,,35,7950.0,1500,2023-04-20 15:00:00+00,true,false
16-25,50509,[특별할인] 내 팔자에 새겨진 천년배필,연애,사주,34,517500.0,21000,,false,false
16-25,26245,(추천할인) 1년 뒤 그 사람과 무슨 사이일까?,연애,타로,34,25200.0,3600,,false,false
16-25,26258,반드시 잡아야 할 내 인생의 귀인은? [실사판],일반운세,사주,34,678150.0,21000,2023-03-14 15:00:00+00,true,false
16-25,2253,결혼 위기 극복법,결혼,타로,34,21300.0,1500,,true,false
16-25,52886,하반기 무물타로: 7카드 스프레드,기타,,33,590700.0,25800,,false,false
16-25,22564,심층 궁합: 그 사람과 사귀면 어떨까?,연애,타로,33,475950.0,15000,2022-08-21 15:00:00+00,true,false
16-25,46384,이번 달 임신 확률은?,가족자녀,타로,33,536400.0,18000,2025-01-08 15:00:00+00,true,false
16-25,52258,[특별할인] 2025 을사년 하반기 애정운,연애,사주,32,471000.0,21750,,false,true
16-25,59122,OO년 주목! 팔자가 뒤바뀌는 돈복 타이밍,재물금전,사주,32,538800.0,19500,2026-03-04 15:00:00+00,true,false
16-25,36148,입학 VS 재수 : 수능 입시 전략,일반운세,사주,32,466500.0,15000,2023-11-22 16:00:00+00,true,false
16-25,43186,[히든스킬] 그 사람 속마음 [심화],연애,타로,32,489900.0,18000,,false,false
16-25,19304,사주로 보는 내 타고난 결혼운(추천 할인),결혼,사주,32,506850.0,18000,,false,false
16-25,26182,인생 역전의 비밀: 내 사주에 주목할 운명은?,일반운세,사주,31,601500.0,27000,2023-03-09 15:00:00+00,true,false
16-25,23921,그 사람 나한테 무슨 감정이야?,연애,,30,12300.0,1500,2022-10-25 15:00:00+00,true,false
16-25,29653,시험운과 합격운,학업직업,,30,123900.0,9000,2023-06-14 15:00:00+00,true,false
26-35,55360,2026년 신년운세 보고서,총운,사주,5994,1.989918E8,37500,2025-09-03 15:00:00+00,true,false
26-35,49255,내 팔자에 새겨진 천년배필,연애,사주,5703,1.0949085E8,21000,2025-04-29 15:00:00+00,true,false
26-35,2141,그 사람의 속마음,연애,타로,5429,1.933755E7,1500,,true,false
26-35,50312,2025 을사년 하반기 애정운,연애,사주,4340,8.49318E7,21750,2025-05-21 15:00:00+00,false,true
26-35,47704,삼신할매가 점지한 내 진짜 인연 VS 가짜 인연,연애,사주,3659,6.866835E7,24000,,true,false
26-35,44273,🔋질문권 충전 (3개),기타,,3551,1722150.0,3000,,false,false
26-35,55723,2026년 솔로 탈출 시기,연애,사주,3532,7.815645E7,24000,2025-09-25 15:00:00+00,true,false
26-35,57670,2026 병오년 운세: 사랑과 인연,연애,사주,3402,5.99685E7,19500,2025-12-03 15:00:00+00,true,false
26-35,2166,그 사람과 나의 사주 궁합,연애,사주,3340,7.130355E7,21000,2021-09-07 15:00:00+00,true,false
26-35,49816,재회 사주: 헤어져도 다시 만날 필연,연애,사주,3171,7.53822E7,27000,2025-05-14 15:00:00+00,true,false
26-35,400,다시 만날 수 있을까,연애,타로,2811,6034200.0,1500,,true,false
26-35,59089,내 운명 지도: 전국편,연애,사주,2778,5.00997E7,19500,2026-02-25 15:00:00+00,true,false
26-35,51565,2025년 하반기 솔로 탈출 시기,연애,사주,2512,4.81227E7,19500,2025-07-02 15:00:00+00,false,true
26-35,50014,2025년 하반기 운세 보고서,총운,사주,2309,6.103905E7,31500,2025-05-28 15:00:00+00,false,true
26-35,27376,결혼 OX 궁합: 이 사람과 결혼해도 될까?,결혼,사주,2194,4.391085E7,21000,2023-04-26 16:00:00+00,true,false
26-35,2505,지금 날 좋아하는 사람은?,연애,타로,2163,9677400.0,1500,,true,false
26-35,52621,{{이름}}님의 3번의 결정적 결혼수💍,결혼,사주,2118,3.98919E7,24000,2025-07-16 15:00:00+00,true,false
26-35,54668,결혼 사주 즉문즉답: 시기・상대・개운・팔자,결혼,사주,2066,3.668775E7,19500,2025-08-21 15:00:00+00,true,false
26-35,28894,재회 사주: 그 사람과 다시 만날 운명일까?,연애,사주,1928,4.417155E7,27000,2023-06-01 06:39:39+00,true,false
26-35,43117,내 사주의 사랑운: 연애만? 결혼까지!,연애,사주,1918,3.19224E7,18000,2024-08-15 16:00:00+00,true,false
26-35,42952,내 사주에 쓰인 운명의 배우자,연애,사주,1821,2.82012E7,18000,2024-08-07 15:00:00+00,true,false
26-35,23878,내 운명 지금 어디 있을까?,연애,사주,1802,3.13698E7,18000,2022-10-18 15:00:00+00,true,false
26-35,49882,그 사람의 숨겨진 진짜 속마음 💟,연애,타로,1729,7345800.0,2250,2025-05-14 15:00:00+00,true,false
26-35,31435,지금 날 간절히 원하는 사람 누구일까?,연애,타로,1699,3.3366E7,18000,2023-07-20 16:00:00+00,true,false
26-35,47935,재회OX궁합: 붙잡을 운명 vs 놓아줄 인연,연애,사주,1685,3.932475E7,27000,2025-03-12 15:00:00+00,true,false
26-35,57439,2026년에 찾아올 두 명의 인연,연애,사주,1655,3.70305E7,24000,2025-11-27 15:00:00+00,true,false
26-35,54701,[박향옥 철학관] 추가 질문 1개,결혼,사주,1595,6820500.0,3000,,false,false
26-35,21799,월지로 보는 인연: 배우자가 될 3명의 후보,연애,사주,1583,2.62239E7,18000,2025-02-06 15:00:00+00,true,false
26-35,57769,2026년 족집게 애정운 🌸,연애,사주,1562,2.870565E7,19500,2025-12-10 15:00:00+00,true,false
26-35,48332,🪡6개월 내 반드시 만나게 될: 붉은 실 인연🧶,연애,타로,1499,2.69979E7,18750,2025-03-27 15:00:00+00,true,false
26-35,47506,"재회 사주, 속마음 타로: {{이름}}님은 n일 뒤 재회합니다",연애,타로,1491,2.797425E7,18000,2025-02-19 15:00:00+00,true,false
26-35,48892,🩵하늘이 맺어준 혼인길 점괘🩵,결혼,사주,1477,3.01854E7,21000,2025-04-16 15:00:00+00,true,false
26-35,2142,재회확률 높이는 법,연애,타로,1466,2455350.0,1500,,true,false
26-35,17212,그 사람이 연락을 안 하는 이유,연애,타로,1434,3274800.0,1500,2020-03-30 15:00:00+00,true,false
26-35,1210,우리 얼마나 오래 갈까?,연애,타로,1376,2235300.0,1500,,true,false
26-35,57010,2026 신년 애정운: 연애/재회/미혼/기혼,연애,사주,1372,2.27757E7,19500,2025-11-13 15:00:00+00,true,false
26-35,56416,[창광] 26년 병오년 사랑운과 인연운,연애,사주,1358,2.338965E7,20250,2025-10-15 15:00:00+00,true,false
26-35,2236,전연인 어떻게 지낼까,연애,타로,1341,2620200.0,1500,,true,false
26-35,13663,어떤 사람과 사귈 운명일까?,연애,타로,1335,1931400.0,1500,,true,false
26-35,26805,그 사람과 나의 3가지 사주궁합,연애,사주,1303,3.105015E7,27000,2023-04-14 07:00:00+00,true,false
26-35,49519,임신운 풀이: 삼신할매가 점지한 우리 아가,가족자녀,사주,1274,3.72141E7,31500,2025-05-08 15:00:00+00,true,false
26-35,25978,D-DAY 재회 타로: 다시 만날 수 있을까?,연애,타로,1266,2.162895E7,18000,2023-03-08 15:00:00+00,true,false
26-35,25297,사주로 보는 그 사람의 속마음,연애,사주,1080,2.18232E7,18000,2023-01-09 15:00:00+00,true,false
26-35,50542,[창광] 25년 하반기: 사랑운과 인연운,연애,사주,1030,1.744005E7,20250,2025-06-04 15:00:00+00,false,true
26-35,19192,타고난 결혼운 + 내 운명의 상대,결혼,사주,996,2.81436E7,36000,2021-08-23 15:00:00+00,true,false
26-35,26214,그 사람도 날 좋아할까?,연애,타로,988,1.74147E7,15000,2023-03-26 15:00:00+00,true,false
26-35,58165,인연 찾기: 시기/상대/만나는 방법,연애,사주,983,1.654635E7,19500,2026-01-07 15:00:00+00,true,false
26-35,20348,타고난 궁합: 우리 사이 몇 점일까?,연애,사주,968,891150.0,3000,2022-03-27 15:00:00+00,true,false
26-35,56648,재회 궁합: 그 사람 반드시 돌아오게 하는 법,연애,사주,967,1.89828E7,24000,2025-10-29 15:00:00+00,true,false
26-35,523,결혼한다면 어떨까?,결혼,타로,949,696750.0,1500,,true,false
26-35,51301,사주+타로: 임신운 심층 분석,가족자녀,타로,928,2.688765E7,31500,2025-06-19 15:00:00+00,true,false
26-35,56516,[창광] 26년 병오년 직업운과 합격운,학업직업,사주,921,1.58499E7,20250,2025-10-29 15:00:00+00,true,false
26-35,22360,사주로 보는 내 결혼 상대는?,결혼,사주,888,1.43688E7,18000,2022-08-10 15:00:00+00,true,false
26-35,18270,그 사람 아직 나한테 미련 있을까?,연애,타로,860,9970650.0,10500,2020-06-18 15:00:00+00,true,false
26-35,42660,"우리 커플 삼단궁합 : 연애궁합, 속궁합, 결혼궁합",연애,사주,824,1.873305E7,27000,2024-07-26 02:00:01+00,true,false
26-35,55789,2026 신년운세 즉문즉답: 애정・재물・직업・대운,연애,사주,816,1.924395E7,28500,2025-09-18 15:00:00+00,true,false
26-35,21964,내 사주에 연애 상대 몇 명 있을까?,연애,사주,809,1.439145E7,24000,2022-07-21 15:00:00+00,true,false
26-35,24572,"{{이름}}[[이의/의]] 운명의 인연, 언제 만날까?",연애,사주,793,1.329105E7,18000,2025-01-22 15:00:00+00,true,false
26-35,43416,[히든스킬] 내 사주의 연애와 결혼: 운명의 두 사람,연애,사주,738,9114600.0,18000,,false,false
26-35,58462,내 사주 관운: 지금 직장 최선일까?,학업직업,사주,727,1.17528E7,18000,2026-01-21 15:00:00+00,true,false
26-35,50773,[창광] 25년 하반기: 직업운과 합격운,학업직업,사주,724,1.22508E7,20250,2025-06-18 15:00:00+00,false,true
26-35,21734,그 사람 속마음 [심화],연애,타로,720,1.52376E7,18000,2022-06-28 15:00:00+00,true,false
26-35,39091,재회 타로 : 그 사람의 첫 연락,연애,타로,711,1.030335E7,13500,,true,false
26-35,18104,전연인 어떻게 지낼까 + 재회확률 높이는 법,연애,타로,698,1276950.0,3000,,true,false
26-35,48463,나만 몰랐던 호감시그널 : 붉은 실 인연🧶,연애,타로,689,1.23297E7,18000,2025-04-02 15:00:00+00,true,false
26-35,16426,좋아하는 그 사람의 속마음은?,연애,타로,680,1.00869E7,10500,2019-12-19 15:00:00+00,true,false
26-35,18648,내가 관심 있는 거 눈치챘을까?,연애,타로,653,553500.0,1500,2020-07-28 15:00:00+00,true,false
26-35,18705,나는 결혼해도 되는 사주일까?,결혼,사주,651,1825500.0,3000,2020-09-22 15:00:00+00,true,false
26-35,18639,걔는 나를 연애 상대로 볼까?,연애,타로,649,4490400.0,9000,2020-07-22 15:00:00+00,true,false
26-35,58528,시절 인연 vs 평생 인연,연애,사주,646,1.11951E7,18750,2026-01-15 15:00:00+00,true,false
26-35,2165,사주로 보는 재물운,재물금전,사주,642,834000.0,1500,,true,false
26-35,43513,2025 을사년 운세: 사랑과 인연,연애,사주,635,1.11147E7,19500,2024-09-10 15:00:00+00,false,true
26-35,56254,결혼 궁합: 부부 합과 결혼 후 모습,연애,사주,632,1.285335E7,24000,2025-10-01 15:00:00+00,true,false
26-35,58792,"내 사주 최고의 결혼, 최악의 결혼",결혼,사주,616,1.120785E7,19500,2026-02-04 15:00:00+00,true,false
26-35,55195,사주 살풀이: 타고난 살과 2026년의 살,일반운세,사주,610,1.079205E7,21000,2025-09-10 15:00:00+00,true,false
26-35,23705,그 사람 얼마나 잘 지낼까?,연애,타로,608,2416950.0,1500,2022-09-29 15:00:00+00,true,false
26-35,50344,[추가구매] 2025 을사년 하반기 애정운,연애,사주,605,5729250.0,9000,,false,true
26-35,57373,2026 신년 직업・재물운: 커리어/연봉/부업・사업,재물금전,사주,602,1.02009E7,19500,2025-11-19 15:00:00+00,true,false
26-35,45097,헤어진 X와 재회할 수 있을까?,연애,사주,581,1.32615E7,27000,2024-11-20 15:00:00+00,true,false
26-35,56614,"[창광] 신년운세 통합본 ""2026년 병오년""",총운,사주,566,3.19797E7,66000,2025-11-05 15:00:00+00,true,false
26-35,57934,2026 신년 결혼운: 내 인생 최고의 배우자는?,결혼,사주,554,9368100.0,19500,2025-12-18 04:30:00+00,true,false
26-35,45658,이 사람과 결혼해도 될까?: 결혼 전 필수 궁합,결혼,사주,551,1.191495E7,21000,2025-01-02 15:00:00+00,true,false
26-35,2366,지금 헤어져도 될까,연애,타로,541,1016550.0,1500,,true,false
26-35,16378,짝사랑 이루어질까?,연애,타로,532,7240950.0,9000,,true,false
26-35,41074,[완결판] 곧 다가올 나의 인생 연애,연애,타로,530,9993600.0,19500,2024-05-22 15:00:00+00,true,false
26-35,23088,오늘의 썸 연애운: 그 사람과 잘 되는 법,연애,사주,509,442500.0,1500,2022-09-21 15:00:00+00,true,false
26-35,2503,그 사람이 보는 내 이미지,연애,타로,492,2466750.0,1500,,true,false
26-35,2425,이달의 합격운,학업직업,사주,486,1726500.0,3000,,true,false
26-35,30940,이 사랑의 결말: 그 사람과 나의 인연,연애,타로,484,9163500.0,18000,2023-07-05 16:00:00+00,true,false
26-35,18646,그 사람 나랑 '어디까지' 상상해봤을까?,연애,타로,480,1117200.0,1500,2020-07-30 11:47:00+00,true,false
26-35,538,이직해도 될까,학업직업,타로,478,420300.0,1500,,true,false
26-35,37705,재회 vs 작별: 운명에 새겨진 우리의 엔딩,연애,사주,477,9177300.0,21000,2024-01-17 16:00:00+00,true,false
26-35,18467,먼저 연락 올 확률은?,연애,타로,468,4411800.0,6000,2020-07-07 15:00:00+00,true,false
26-35,56255,2026년 놓치면 안 될 3번의 기회,일반운세,사주,464,8566950.0,21000,2025-10-09 15:00:00+00,true,false
26-35,2429,그 사람과 사귀면 어떨까?,연애,타로,462,1047300.0,1800,,true,false
26-35,2202,사주로 보는 직업운,학업직업,사주,461,658050.0,1500,,true,false
26-35,2217,그날 헤어지지 않았다면,연애,타로,458,338550.0,1500,,true,false
26-35,16377,3개월 안에 다시 만날 수 있을까?,연애,타로,418,4439850.0,9000,,true,false
26-35,2227,동갑vs연하vs연상,연애,타로,413,283350.0,1500,,true,false
26-35,58759,"재회의 조건: 골든타임, 시그널, 행동지침",연애,사주,412,7672350.0,19500,,true,false
26-35,2155,이달의 취업운은 어떨까?,학업직업,타로,412,412650.0,1500,,true,false
26-35,49921,연애 무물 타로: 11카드 스프레드,연애,,410,9643800.0,30000,,false,false
26-35,20974,타고난 부(富): 내 사주 재물운과 평생 모을 재산은?,재물금전,사주,407,6681000.0,18000,2022-05-03 15:00:00+00,true,false
26-35,59584,그 사람의 속마음: 연애/결혼/재회/짝사랑,연애,사주,404,7895250.0,19500,2026-03-25 15:00:00+00,true,false
26-35,30875,내 사주 배우자 궁(宮)에 있는 사람은?,연애,사주,401,8332350.0,27000,2023-07-03 16:00:00+00,true,false
26-35,23187,이번 주에 만나게 될 인연은?,연애,타로,400,282450.0,1500,2022-09-26 15:00:00+00,true,false
26-35,23089,연봉 상승 비책: 올해 취업•이직운,재물금전,사주,398,6771900.0,18000,2025-01-30 15:00:00+00,true,false
26-35,18653,내 SNS 염탐하는 사람 있을까?,연애,타로,394,417450.0,1500,2020-09-16 15:00:00+00,true,false
26-35,18142,"다음 연애 언제, 어디서 시작될까?",연애,타로,394,5231700.0,12000,2020-06-03 15:00:00+00,true,false
26-35,26500,"내 사주의 천생연분, 어떤 사람일까?",연애,사주,394,6571200.0,21000,2023-04-06 10:00:00+00,true,false
26-35,34636,내 사주에 자녀 몇 명일까?: 타고난 재능과 성공운까지,가족자녀,사주,390,3513600.0,9000,2023-10-02 16:00:00+00,true,false
26-35,25175,그 사람의 진짜 속마음,연애,,382,395250.0,1500,2023-01-27 15:00:00+00,true,false
26-35,57835,[추가구매] 2026 병오년 운세: 사랑과 인연,연애,사주,380,3562650.0,9000,,false,false
26-35,20320,(추천할인) 우리 사귈 수 있을까?: 사귈 확률 계산기,연애,타로,374,2903550.0,9000,,false,false
26-35,23222,그 사람 나한테 왜 이럴까?,연애,타로,371,1320900.0,1500,2022-09-27 15:00:00+00,true,false
26-35,23086,D-DAY 타로: 솔로 탈출까지 며칠 남았을까?,연애,타로,371,5928450.0,16500,2022-09-21 15:00:00+00,true,false
26-35,42392,2025년 솔로 탈출 시기,연애,사주,370,8319750.0,24000,2024-09-26 06:00:00+00,false,true
26-35,44276,🪫질문권 추가 충전 (1개),기타,,359,580800.0,1500,,false,false
26-35,18105,다가올 인연의 외모·성격·직업은?,연애,타로,357,3423300.0,9000,2020-05-31 15:00:00+00,true,false
26-35,44899,임신 타로: 이번 달 우리 아기 찾아올까?,가족자녀,타로,347,9761400.0,29250,2024-11-27 15:00:00+00,true,false
26-35,2328,내 운명의 상대,연애,사주,337,4849650.0,15000,2021-02-11 15:00:00+00,true,false
26-35,24871,1년 뒤 그 사람과 무슨 사이일까?,연애,타로,334,1151250.0,3600,2022-12-14 15:00:00+00,true,false
26-35,60080,결혼 상대 외모 스펙: 상위 몇%일까?,,사주,326,6015900.0,19500,2026-04-23 15:00:00+00,true,false
26-35,26502,사주로 보는 결혼수: 나는 언제 결혼할까?,결혼,사주,324,8436750.0,27000,2023-03-30 15:00:00+00,true,false
26-35,2422,특정 날짜 내 사주 운세,일반운세,사주,323,1405500.0,1500,,true,false
26-35,34575,절대로 놓치면 안 될 결혼 상대와 시기는?,결혼,사주,319,6247800.0,21000,2023-09-24 16:00:00+00,true,false
26-35,18502,그 사람이랑 결혼하면 어떨까?,연애,타로,318,1359150.0,9000,,true,false
26-35,53875,짝사랑에서 썸까지: 우리 무슨 사이일까?,연애,타로,317,6371250.0,18000,2025-07-30 15:00:00+00,true,false
26-35,18641,걔도 지금 나 보고 싶을까?,연애,타로,311,3153450.0,6000,,true,false
26-35,54271,연락타로: 그 사람 속마음 & 행동지침,연애,타로,310,6053700.0,18000,2025-08-13 15:00:00+00,true,false
26-35,16223,솔로 탈출 언제 가능할까?,연애,타로,307,2742750.0,9000,,true,false
26-35,20347,내 인생의 귀인 + 운명의 상대는?,연애,사주,305,3487650.0,30000,2022-03-24 15:00:00+00,true,false
26-35,44108,2025년에 찾아올 두 명의 인연,연애,사주,303,6877950.0,24000,2024-10-09 15:00:00+00,false,true
26-35,42062,사주 살풀이: 타고난 살과 2025년의 살,일반운세,사주,299,3734250.0,21450,2024-08-28 15:00:00+00,false,true
26-35,56515,[창광] 26년 병오년 재물운과 문서운,재물금전,사주,298,5040150.0,20250,2025-10-22 15:00:00+00,true,false
26-35,2250,면접 합격할 수 있을까?,학업직업,타로,294,952350.0,1500,,true,false
26-35,36042,사주로 보는 그 사람의 '진짜' 속마음🚨,연애,사주,293,6272850.0,21000,2023-11-15 16:00:00+00,true,false
26-35,43249,"사주 직업 컨설팅: 사업, 직장, 업종",학업직업,사주,288,4546200.0,18000,2024-08-22 15:00:00+00,true,false
26-35,53710,내 사주 일복: 평생 일할 팔자 vs 놀고먹는 팔자,일반운세,사주,285,4959600.0,19500,2025-07-24 15:00:00+00,true,false
26-35,2303,그 사람과 나의 전생 관계,연애,점성학,280,191250.0,1500,,true,false
26-35,35527,사주 궁합으로 보는 우리의 현재와 미래,연애,사주,279,5670600.0,21000,2023-10-31 16:00:00+00,true,false
26-35,2170,우리가 헤어진다면,연애,타로,277,504000.0,1500,,true,false
26-35,51499,[창광] 25년 하반기 운세 통합편,총운,사주,276,1.57383E7,66000,2025-06-25 15:00:00+00,false,true
26-35,2351,퇴사할까 말까,학업직업,타로,272,219300.0,1500,,true,false
26-35,2196,헤어진 사람 잊는 법,연애,타로,271,217350.0,1500,,true,false
26-35,44274,🔋질문권 충전 (5개),기타,,269,1105050.0,4500,,false,false
26-35,2441,우리 커플 스킨십 궁합은?,연애,타로,268,191250.0,1500,,true,false
26-35,49917,연애 무물 타로: 7카드 스프레드,연애,,262,4872450.0,25800,,false,false
26-35,55492,재회 타로 즉문즉답: 그 사람 속마음·재회 가능성,연애,타로,258,5561550.0,25800,2025-09-11 15:00:00+00,true,false
26-35,48925,{{이름}}[[이의/의]] 연애 O X : 직진해도 될까?,연애,타로,256,4648200.0,16500,2025-04-23 15:00:00+00,true,false
26-35,2151,우리가 헤어진 이유,연애,타로,256,191250.0,1500,,true,false
26-35,27706,비로소 만나게 될 나의 운명,연애,타로,250,3692550.0,15000,2023-06-06 16:00:00+00,true,false
26-35,540,직장사람 속마음,연애,타로,247,288900.0,1500,,true,false
26-35,2128,연애운 높이는 노하우,연애,타로,246,160350.0,1500,,true,false
26-35,59782,"★{{시스템_생년}}★년생이면 꼭 봐야 할, 3번의 기회",일반운세,사주,245,4124550.0,19500,2026-04-01 15:00:00+00,true,false
26-35,2240,연애할 때 내 매력은 뭘까?,연애,타로,243,163950.0,1500,,true,false
26-35,60244,연애 상대 스포: 내 사주 존잘/존예,,사주,240,4195200.0,19500,2026-04-29 15:00:00+00,true,false
26-35,53974,이 3번의 기회로: 상위 N% 부자가 됩니다,재물금전,사주,238,4167150.0,19500,2025-08-07 15:00:00+00,true,false
26-35,43415,[히든스킬] 내 사주에 쓰인 운명의 배우자,결혼,사주,236,3834900.0,18000,,false,false
26-35,59452,추가조언_고민 OX 타로,기타,,235,60900.0,150,,false,false
26-35,59419,최고의 선택일까?: 결혼 궁합 진단,결혼,사주,232,4274850.0,19500,2026-03-18 15:00:00+00,true,false
26-35,2326,그 사람과 나의 속궁합,연애,사주,230,5077800.0,21000,2021-03-04 15:00:00+00,true,false
26-35,24509,내 사주의 연애와 결혼: 운명의 두 사람,연애,사주,230,3745950.0,18000,2022-12-11 15:00:00+00,true,false
26-35,50774,[창광] 25년 하반기: 재물운과 문서운,재물금전,사주,226,3781800.0,20250,2025-06-12 02:00:00+00,false,true
26-35,18144,그 사람 손절할까 말까?,연애,타로,224,238350.0,1500,2020-06-10 15:00:00+00,true,false
26-35,23186,이번 주에 고백하면 성공할까?,연애,타로,224,179850.0,1500,2022-09-26 15:00:00+00,true,false
26-35,2265,내 연애가 유독 힘든 이유,연애,타로,224,154950.0,1500,,true,false
26-35,2219,다른 사람이 보는 내 매력과 장점은?,일반운세,타로,223,250050.0,1500,,true,false
26-35,16379,썸 어떻게 될까?,연애,타로,217,1327350.0,9000,,true,false
26-35,18725,헤어진 연인과의 재회 확률,연애,,217,640950.0,6000,2021-01-15 02:25:00+00,true,false
26-35,2127,이 주의 금전운,재물금전,타로,216,158250.0,1500,,true,false
26-35,17147,지원한 회사에 합격할 수 있을까?,학업직업,타로,215,2998500.0,9000,2020-03-26 15:00:00+00,true,false
26-35,23883,선택 타로: 이 사람 계속 만나도 될까?,연애,타로,215,1648650.0,15000,2022-10-31 15:00:00+00,true,false
26-35,28378,"[1단계 생각 정리] 미련일까, 사랑일까?",연애,타로,215,442950.0,6000,2023-05-22 15:00:00+00,true,false
26-35,537,나에게 어울리는 직업은?,학업직업,타로,212,148200.0,1500,,true,false
26-35,2272,나는 어떤 타입과 어울릴까?,일반운세,타로,211,137850.0,1500,,true,false
26-35,59353,시기로 보는 연애운: 똥차 시기 & 꽃길 시기,연애,사주,209,3646950.0,19500,2026-03-11 15:00:00+00,true,false
26-35,46384,이번 달 임신 확률은?,가족자녀,타로,207,3569700.0,18000,2025-01-08 15:00:00+00,true,false
26-35,18668,사주로 보는 성격유형,자기탐구,사주,206,152400.0,9900,,true,false
26-35,2237,그 사람의 변심 이유,연애,타로,206,1023450.0,1500,,true,false
26-35,2263,내 애인 바람기,연애,타로,204,395100.0,1500,,true,false
26-35,43685,[창광] 25년 을사년 직업운과 합격운,학업직업,사주,203,2303550.0,18000,2024-10-16 15:00:00+00,false,true
26-35,43683,[창광] 25년 을사년 사랑운과 인연운,연애,사주,202,3349950.0,18000,2024-10-03 15:00:00+00,false,true
26-35,536,시험 잘 볼 수 있을까,학업직업,타로,200,424650.0,1500,,true,false
26-35,34075,"불안한 사랑, 우리 관계의 미래는?",연애,사주,197,1.18182E7,49500,,true,false
26-35,453,내 인생 황금기와 암흑기: 사주팔자 풀이,일반운세,사주,196,3151350.0,18000,,true,false
26-35,44866,"솔로 n년, 연애하고 싶다! 연애 슬럼프 탈출",연애,사주,196,3336000.0,18000,2024-12-04 15:00:00+00,true,false
26-35,2395,내 첫인상 어떨까?,일반운세,타로,195,165300.0,1500,,true,false
26-35,2363,그 사람이 바라는 내 모습은?,연애,타로,193,420300.0,1500,,true,false
26-35,2248,서류 합격할 수 있을까?,학업직업,타로,188,808350.0,1500,,true,false
26-35,60013,내 운이 트이는 동네: 전국편,,사주,187,3185850.0,19500,2026-04-15 15:00:00+00,true,false
26-35,2449,그 사람과 가까워지는 법,연애,타로,187,316950.0,1500,,true,false
26-35,11273,둘 중 누구를 만날까?,일반운세,타로,185,137100.0,1500,,true,false
26-35,58957,임신 궁합: 택일과 길일,가족자녀,사주,184,5372400.0,31500,2026-02-11 15:00:00+00,true,false
26-35,43216,2025년 신년운세 보고서,총운,사주,184,3680100.0,37500,2024-09-04 15:00:00+00,false,true
26-35,2216,그 회사가 나랑 잘 어울릴까?,일반운세,타로,184,476250.0,1500,,true,false
26-35,47638,"🏆재물, 커리어, 학업: 황금 타이밍",재물금전,사주,182,3122550.0,18000,2025-02-26 15:00:00+00,true,false
26-35,26893,내 사주의 찐성격과 이상형은?,일반운세,사주,181,277650.0,4500,2023-04-13 16:00:00+00,true,false
26-35,19002,이별리셋 패키지: 전애인 후폭풍 + 재회운,연애,타로,179,3079200.0,18000,,true,false
26-35,2251,소개팅 상대 어떤 사람일까?,연애,타로,179,156000.0,1500,,true,false
26-35,2465,사주로 보는 내 전성기,일반운세,사주,179,739350.0,9000,,true,false
26-35,40708,"이별, 그 후… 너와 나의 속마음",연애,타로,178,3441300.0,19500,2024-05-09 16:00:00+00,true,false
26-35,58132,대운 풀이: 반드시 찾아올 3번의 기회,총운,사주,176,2931300.0,19500,2026-01-01 15:00:00+00,true,false
26-35,25204,플러팅 타로: 내가 끌리는 VS 내게 끌리는 사람,일반운세,타로,173,3121200.0,18000,2023-01-04 15:00:00+00,true,false
26-35,2329,화 풀어주는 법,일반운세,타로,172,181200.0,1500,,true,false
26-35,44371,도화살로 보는 연애운 전성기,연애,사주,167,2860050.0,19500,2024-10-30 15:00:00+00,true,false
26-35,24008,절대 놓치면 안 될 결혼 상대와 시기는?,결혼,사주,166,3116850.0,21000,2022-11-02 15:00:00+00,true,false
26-35,18635,사주로 보는 대박 부업운,재물금전,사주,163,314850.0,4500,2020-07-22 10:30:00+00,true,false
26-35,30217,친구 VS 연인: 우리 둘 관계 어디까지?,연애,타로,161,2717700.0,18000,2023-06-21 15:00:00+00,true,false
26-35,42036,[CRM할인] D-DAY 타로: 솔로 탈출까지 며칠 남았을까?,연애,타로,160,2229450.0,16500,,false,false
26-35,44277,🪫질문권 추가 충전 (3개),기타,,160,500250.0,3000,,false,false
26-35,526,우리가 싸우는 이유,연애,타로,157,112200.0,1500,,true,false
26-35,20546,나에게 남은 연애 기회는?,연애,타로,157,2313900.0,15000,2022-04-05 15:00:00+00,true,false
26-35,2129,싸우지 않으려면,연애,타로,154,134100.0,1500,,true,false
26-35,18301,{{이름}}[[이의/의]] 11월 종합운,일반운세,타로,154,2417550.0,12000,,true,false
26-35,29757,그 사람 미리보기,연애,사주,152,1563450.0,21000,2023-06-09 05:14:14+00,true,false
26-35,56383,2026년 나에게 찾아올 12가지 행운,총운,타로,152,1493850.0,13500,2025-10-09 15:00:00+00,true,false
26-35,59122,OO년 주목! 팔자가 뒤바뀌는 돈복 타이밍,재물금전,사주,149,2536950.0,19500,2026-03-04 15:00:00+00,true,false
26-35,38993,사주로 보는 결혼 : 그 사람의 본심 👤,결혼,사주,149,3128400.0,21000,,true,false
26-35,42754,그 사람과 나의 재회 공식 3가지,연애,타로,149,2527650.0,17250,2024-08-01 05:00:00+00,true,false
26-35,19324,손금으로 보는 내 전생,자기탐구,사주,148,185400.0,3000,,false,false
26-35,20317,"(추천할인) 다음 연애 언제, 어디서 시작될까?",연애,타로,147,1580400.0,12000,,false,false
26-35,28729,내 운이 트이는 동네는?(서울편),일반운세,사주,144,2813700.0,24000,2023-05-25 23:25:30+00,true,false
26-35,47407,{{이름}}[[이의/의]] 결혼 궁합 현실판: 돈?💰 사랑?❤️,결혼,사주,142,2550600.0,18000,2025-02-12 15:00:00+00,true,false
26-35,2296,지금 하는 거...계속 할까 말까?,일반운세,타로,141,863100.0,1500,,true,false
26-35,36508,내 사주에 적힌 운명의 배우자,연애,사주,140,1902000.0,15000,2023-12-06 16:00:00+00,true,false
26-35,24175,도화살 풀이: 내 매력 언제 터질까?,연애,사주,140,2487150.0,18900,2022-11-10 15:00:00+00,true,false
26-35,27178,내 사주의 배우자 궁에 있는 사람은?,연애,사주,139,3062700.0,27000,2023-04-21 01:00:00+00,true,false
26-35,16849,직장 동료 왜 그럴까?,학업직업,타로,138,1637850.0,9000,2020-03-09 15:00:00+00,true,false
26-35,21140,(추천할인) 솔로 탈출 가능할까?,연애,타로,137,1159650.0,9000,,false,false
26-35,19215,다음 연애 상대와의 궁합은?,연애,타로,136,551400.0,9000,2021-09-27 15:00:00+00,true,false
26-35,18146,선택타로 - A vs B,일반운세,타로,135,1540650.0,9000,2020-06-10 15:00:00+00,true,false
26-35,54503,운명의 결혼 상대: 배우자 스펙·결혼 시기·만나는 법,결혼,타로,131,2382450.0,25800,2025-08-21 15:00:00+00,true,false
26-35,47737,"'OO세, 이 선택으로 운명이 바뀝니다'",일반운세,사주,131,2142150.0,18000,2025-03-05 15:00:00+00,true,false
26-35,2343,우리 2세는 어떤 아이일까?,일반운세,타로,130,93150.0,1500,2020-07-30 15:00:00+00,true,false
26-35,53644,관상 컨설팅: 미래 배우자 스펙 UP,연애,기타,128,1645050.0,13500,2025-08-19 15:00:00+00,true,false
26-35,18970,다음 달에 애인 생길까?,연애,타로,128,1281300.0,9000,2021-04-20 15:00:00+00,true,false
26-35,56713,2026년 솔로 탈출 보고서,연애,타로,125,2017050.0,18000,2025-11-19 15:00:00+00,true,false
26-35,56185,2026년 신년운세: 궁금한 건 다 봐주는 신년 타로,총운,타로,122,2255700.0,25800,2025-10-01 15:00:00+00,true,false
26-35,49916,연애 무물 타로: 6카드 스프레드,연애,,118,2112450.0,24600,,false,false
26-35,26515,(추천할인) 사주로 보는 결혼수: 나는 언제 결혼할까?,결혼,사주,117,975600.0,21000,,false,false
26-35,43447,2025년 나에게 찾아올 12가지 행운,총운,타로,115,1107450.0,13500,2024-08-29 08:30:00+00,false,true
26-35,39784,그 사람과 애인… 언제 헤어질까?,연애,타로,115,1804950.0,12000,,true,false
26-35,18631,3개월 안에 애인 생길까?,연애,타로,114,3170250.0,27000,2020-07-16 15:00:00+00,true,false
26-35,18647,둘 중 누가 더 좋아할까?,연애,타로,112,1278300.0,7500,2020-07-29 10:55:00+00,true,false
26-35,16446,솔로탈출 확률 계산기,연애,타로,111,477450.0,9000,2020-01-09 15:00:00+00,true,false
26-35,2445,짝남이랑 사귈 수 있을까? : 고백 성공률 계산기,연애,타로,111,165150.0,3000,,true,false
26-35,16442,지금 직장 퇴사해도 될까?,학업직업,타로,111,1176750.0,10500,2020-01-06 15:00:00+00,true,false
26-35,36439,"짝이 있는 그 사람, 나에게 올까?",연애,사주,110,5505000.0,49500,2023-11-28 15:00:00+00,true,false
26-35,55030,임신·출산 타로: 임신 가능성·둘째 고민·가족의 미래,가족자녀,타로,110,2010450.0,25800,2025-08-28 15:00:00+00,true,false
26-35,19688,그 사람을 유혹할 3번의 기회_추천할인,연애,타로,109,679650.0,6000,,false,false
26-35,59914,최후 재회 방법: 도저히 붙잡히지 않는 그 사람,,사주,109,1998450.0,19500,2026-04-08 15:00:00+00,true,false
26-35,39852,"내 운명의 연애, 몇 번 남았을까?",연애,점성학,108,1799700.0,21000,2024-04-24 15:00:00+00,true,false
26-35,17443,우리 사귈 수 있을까? : 사귈 확률 계산기,연애,타로,107,911700.0,9000,2020-04-07 15:00:00+00,true,false
26-35,43612,[추가구매] 2025 을사년 운세: 사랑과 인연,연애,사주,107,959700.0,9000,,false,true
26-35,23704,내 마음은 지금 어떤 상태일까?,일반운세,타로,107,173400.0,3000,2022-10-13 15:00:00+00,true,false
26-35,20314,(추천할인) 그 사람과 나의 속궁합,연애,사주,107,1932900.0,21000,,false,false
26-35,26258,반드시 잡아야 할 내 인생의 귀인은? [실사판],일반운세,사주,100,2179050.0,21000,2023-03-14 15:00:00+00,true,false
26-35,49321,연애견적서: 그 사람 만나도 될까?,연애,,100,1720350.0,18000,2025-05-08 15:00:00+00,true,false
26-35,2428,사주로 보는 전생과 현생,자기탐구,사주,100,423300.0,9000,,true,false
26-35,32788,[추천] 내 사주에 연애 상대 몇 명 있을까?_상대와 시기,연애,사주,99,1577550.0,24000,,false,false
26-35,60674,"내 능력보다 크게 성공하기: 재능, 타이밍, 인복",,사주,99,1680600.0,19500,2026-05-06 15:00:00+00,true,false
26-35,6315,짝사랑 잊는 법,연애,타로,97,75300.0,1500,,true,false
26-35,18962,솔로탈출 패키지: 솔탈확률 + 3개월 연애운,연애,타로,97,1633050.0,22500,,true,false
26-35,34600,그 사람이 보는 나의 MBTI는?,연애,,97,172050.0,3000,2023-10-03 15:00:00+00,true,false
26-35,2253,결혼 위기 극복법,결혼,타로,96,69300.0,1500,,true,false
26-35,26182,인생 역전의 비밀: 내 사주에 주목할 운명은?,일반운세,사주,96,1941000.0,27000,2023-03-09 15:00:00+00,true,false
26-35,2345,반려동물의 속마음,연애,타로,96,70350.0,1500,,true,false
26-35,21150,(추천할인) 그 사람 아직 나한테 미련 있을까?,연애,타로,94,724800.0,9000,,false,false
26-35,18964,이번 달에 애인 생길까?,연애,타로,94,898050.0,10500,2021-04-15 15:00:00+00,true,false
26-35,55822,박향옥 2026 신년 리터치,총운,사주,92,44400.0,9000,2025-09-18 15:00:00+00,true,false
26-35,24176,그 사람과 내가 결혼할 확률은?,연애,타로,91,1867500.0,16500,2022-11-14 15:00:00+00,true,false
26-35,52886,하반기 무물타로: 7카드 스프레드,기타,,90,1520850.0,25800,,false,false
26-35,43186,[특별할인] 그 사람 속마음 [심화],연애,타로,89,1397250.0,18000,,false,false
26-35,19206,그 사람 공략법: 속마음 + 3번의 유혹 기회,연애,타로,88,1244700.0,15000,2021-09-09 15:00:00+00,true,false
26-35,18570,내 인생 언제 필까?: 3번의 기회🔑,일반운세,사주,87,1350600.0,18000,2021-07-27 15:00:00+00,true,false
26-35,45625,내 사주에 결혼? 필수 vs 선택,결혼,사주,87,1717200.0,21000,2024-12-18 15:00:00+00,true,false
26-35,29192,바람기 잡는 법: 그 사람 사주의 바람기,연애,사주,87,1742700.0,21000,2023-05-30 16:00:00+00,true,false
26-35,16651,장거리 연애 괜찮을까?,연애,타로,86,64350.0,1500,2020-02-25 15:00:00+00,true,false
26-35,26242,(추천할인) D-DAY 재회 타로: 다시 만날 수 있을까?,연애,타로,85,665100.0,18000,,false,false
26-35,18637,헤어진 사람 언제 잊을 수 있을까?,연애,타로,85,379800.0,9000,2020-07-23 04:30:00+00,true,false
26-35,19010,👀후방주의: 스킨십 궁합 패키지,연애,사주,84,1966650.0,30000,2021-06-09 15:00:00+00,true,false
26-35,17806,운명의 상대 공략법,연애,사주,84,350100.0,9000,2020-04-28 15:00:00+00,true,false
26-35,50509,[특별할인] 내 팔자에 새겨진 천년배필,연애,사주,83,1402200.0,21000,,false,false
26-35,19918,이번 달 우리 사이 어떨까?,연애,타로,83,399900.0,9000,2022-03-02 15:00:00+00,true,false
26-35,2273,전생 알아보기,자기탐구,점성학,82,94500.0,1500,,true,false
26-35,22164,사업운 vs 직장운: 경제적 자유 누리는 법,학업직업,사주,82,1326000.0,18000,2022-08-02 15:00:00+00,true,false
26-35,16816,이름풀이 - 운명과 주의할 점,일반운세,사주,82,1062750.0,10500,2020-03-11 15:00:00+00,true,false
26-35,21144,(추천할인) 짝사랑 이루어질까?,연애,타로,80,619350.0,9000,,false,false
26-35,18709,"그때 그 느낌, 혹시 시그널이었을까?",연애,타로,80,622500.0,6000,2020-09-28 15:00:00+00,true,false
26-35,19060,다음 달엔 짝사랑 끝낼 수 있을까?,연애,타로,79,1064700.0,9000,2021-07-27 15:00:00+00,true,false
26-35,43348,[히든스킬] 내 사주에 연애 상대 몇 명 있을까?,연애,,79,1528200.0,24000,,false,false
26-35,25454,인생역전 3대운 풀이: 대운은 언제 들어올까?,일반운세,사주,78,1610400.0,21000,2023-02-07 15:00:00+00,true,false
26-35,49919,연애 무물 타로: 9카드 스프레드,연애,,77,1357650.0,27900,,false,false
26-35,60706,결혼 OX 진단: 우리 결혼해도 될까?,,,77,1382100.0,19500,2026-05-13 15:00:00+00,true,false
26-35,22795,사주팔자로 나의 성향 알아보기,일반운세,,77,103950.0,4500,,true,false
26-35,42327,[CRM할인] D-DAY 재회 타로: 다시 만날 수 있을까?,연애,타로,77,1177200.0,18000,,false,false
26-35,18702,내 사주로 연예인이 된다면?,일반운세,사주,76,64350.0,2000,2020-09-15 07:40:00+00,true,false
26-35,18659,사주로 보는 가족운,일반운세,사주,73,103950.0,3000,2020-08-12 15:00:00+00,true,false
26-35,16450,둘 중 누구를 선택해야 할까?,연애,타로,73,656400.0,9000,2020-01-13 15:00:00+00,true,false
26-35,28379,[2단계 이별 공식] 우리가 헤어진 '진짜' 이유,연애,타로,71,203850.0,7500,2023-05-22 15:00:00+00,true,false
26-35,17047,3개월 안에 취업할 수 있을까?,학업직업,타로,71,715500.0,10500,2020-03-17 15:00:00+00,true,false
26-35,19304,사주로 보는 내 타고난 결혼운(추천 할인),결혼,사주,71,1158150.0,18000,,false,false
26-35,41170,2025년 솔로 탈출 보고서,연애,타로,69,1176750.0,18000,2024-09-05 05:00:00+00,false,true
26-35,22327,내 운명 지금 어디 있을까?,연애,타로,68,949800.0,15000,2022-08-18 15:00:00+00,true,false
26-35,26271,내 인생의 귀인 + 운명의 인연은? [실사판],연애,사주,68,1900650.0,39000,2023-03-20 15:00:00+00,true,false
26-35,55129,연애 끊이지 않는 관상: 도화&홍염,연애,기타,67,373200.0,7500,2025-09-03 15:00:00+00,true,false
26-35,22195,사주로 보는 미래: 나는 언제 출세할까?,일반운세,사주,67,1199250.0,18750,2022-08-08 15:00:00+00,true,false
26-35,19176,그 사람을 유혹할 3번의 기회,연애,타로,67,529800.0,6000,2021-08-12 15:00:00+00,true,false
26-35,55361,[2인 할인] 2026년 신년운세 보고서,총운,,65,4098450.0,75000,,false,false
26-35,21040,타고난 부(富): 재물운과 평생 모을 재산은?,재물금전,사주,65,1085400.0,18000,,true,false
26-35,56647,2026년 커플 관계 보고서,연애,타로,64,1083150.0,18000,2025-11-12 15:00:00+00,true,false
26-35,43686,"[창광] 신년운세 통합본 ""2025년 을사년""",총운,사주,63,2922000.0,63000,2024-10-24 06:00:00+00,false,true
26-35,30280,그 사람의 진짜 감정은 뭘까?,연애,,62,624150.0,9000,2023-07-17 15:00:00+00,true,false
26-35,23087,오늘의 대박 지수: 금전운 풀이,재물금전,사주,62,59250.0,1500,2022-09-21 15:00:00+00,true,false
26-35,18933,인생 피는 필승 사주 : 내 인생 언제 필까? + 필승 개운법 일주 풀이,일반운세,사주,62,1446900.0,36000,2021-03-10 15:00:00+00,true,false
26-35,52258,[특별할인] 2025 을사년 하반기 애정운,연애,사주,61,891750.0,21750,,false,true
26-35,2466,반려동물과 나의 전생 관계,연애,타로,61,44550.0,1500,,true,false
26-35,20182,(추천할인) 내 인생 언제 필까? 3번의 기회,일반운세,사주,61,864150.0,18000,,false,false
26-35,19984,다음 달 우리 사이 어떨까?,연애,타로,61,320850.0,9000,2022-03-09 15:00:00+00,true,false
26-35,26212,타로 취업운: 이직해도 괜찮을까?,학업직업,타로,61,586350.0,18000,2023-03-19 15:00:00+00,true,false
26-35,18532,사내 연애해도 될까?,연애,타로,60,610200.0,10500,2020-07-10 15:00:00+00,true,false
26-35,21151,(추천할인) 헤어진 연인 붙잡을 수 있을까?,연애,타로,60,246300.0,9000,,false,false
26-35,43684,[창광] 25년 을사년 재물운과 문서운,재물금전,사주,59,703800.0,18000,2024-10-10 05:00:00+00,false,true
26-35,2203,사주로 보는 건강운,자기탐구,사주,59,82200.0,1500,2020-09-02 15:00:00+00,true,false
26-35,19127,그 사람 스킨십 스타일: 침대에서 더 행복한 법,연애,사주,58,198000.0,9000,2021-07-15 15:00:00+00,true,false
26-35,16443,다른 회사로 이직하면 어떨까?,학업직업,타로,58,589650.0,10500,2020-01-06 15:00:00+00,true,false
26-35,33654,절대로 결혼하면 안 되는 사람은?,결혼,사주,58,1482000.0,27000,2023-09-19 15:00:00+00,true,false
26-35,58990,"내 사주 자식복: 관계, 출세, 노후",가족자녀,사주,58,990450.0,19500,2026-02-19 15:00:00+00,true,false
26-35,21173,(추천할인) 좋아하는 그 사람의 속마음은?,연애,타로,57,213600.0,9000,,false,false
26-35,57109,[창광_26신년] 1개 구매자 추가 할인,총운,사주,57,2261850.0,66000,,false,false
26-35,18643,걔네 서로 좋아할까?,연애,타로,56,989250.0,6000,,true,false
26-35,24779,재회 타로: 우리가 헤어진 진짜 이유,연애,타로,55,918150.0,16500,2022-12-08 15:00:00+00,true,false
26-35,22690,일생 풀이: 천운과 타고난 복(福),일반운세,사주,55,1031250.0,21000,2022-08-28 15:00:00+00,true,false
26-35,28003,사주로 보는 미래 : 앞으로의 10년,일반운세,사주,54,1000050.0,21000,2023-05-11 03:13:00+00,true,false
26-35,16396,우리 사랑 깊어지려면?,연애,타로,54,496650.0,10500,2019-12-10 09:30:00+00,true,false
26-35,40048,사주로 보는 인생 그래프: 일생풀이,일반운세,사주,54,1825200.0,39000,2024-04-10 15:00:00+00,true,false
26-35,46483,"💵 재물운 분석 완결판: 부업, 재테크, 귀인",재물금전,사주,54,837450.0,17250,2025-01-15 15:00:00+00,true,false
26-35,18726,그 사람과 왜 헤어지게 된 걸까?,연애,,53,185700.0,7500,2021-01-15 02:25:00+00,true,false
26-35,49920,연애 무물 타로: 10카드 스프레드,연애,,53,1047450.0,28950,,false,false
26-35,18400,나는 지금 상승세 vs 하락세?,일반운세,타로,53,532500.0,9000,2020-06-25 15:00:00+00,true,false
26-35,39332,(업셀링_판밍밍) 재회 코칭 프리패스,연애,기타,53,605250.0,12000,,false,false
26-35,19217,나는 어떤 사람과 결혼하게 될까?,연애,타로,52,500400.0,9000,,true,false
26-35,25839,내 사주의 인생 2막 언제 올까?,일반운세,사주,52,437250.0,19500,2023-02-19 15:00:00+00,true,false
26-35,19177,이번 달엔 짝사랑 끝낼 수 있을까?,연애,타로,52,668250.0,9000,2021-08-03 15:00:00+00,true,false
26-35,56086,{{이름}}님 관상에 보이는 결혼수: 상대 & 시기,결혼,기타,51,304800.0,7500,2025-10-16 15:00:00+00,true,false
26-35,31336,인생 역전의 비밀: 내 사주의 주목할 운명(運命)은?,일반운세,사주,51,1068750.0,27000,2023-07-13 15:00:00+00,true,false
26-35,52891,👇여기서만 할인👇 도화살로 보는 연애운 전성기,연애,사주,49,703050.0,19500,,false,false
26-35,26057,사주 작명과 길일: 우리 아이 어떤 이름이 좋을까?,가족자녀,사주,49,2065050.0,42000,2023-03-06 15:00:00+00,true,false
26-35,22564,심층 궁합: 그 사람과 사귀면 어떨까?,연애,타로,49,776250.0,15000,2022-08-21 15:00:00+00,true,false
26-35,26245,(추천할인) 1년 뒤 그 사람과 무슨 사이일까?,연애,타로,47,28050.0,3600,,false,false
26-35,2171,직장 동료와 잘 지내는 법,학업직업,타로,47,43200.0,1500,,true,false
26-35,23153,(추천 할인) D-DAY 타로: 솔로 탈출까지 며칠 남았을까?,연애,타로,47,646800.0,16500,,false,false
26-35,45526,"재물운 심층 분석: 30년 뒤, 상위 % 일까?",재물금전,사주,47,790650.0,18000,2024-12-11 15:00:00+00,true,false
26-35,40180,결혼 시뮬레이션 : 우리 2세 미리보기,결혼,사주,47,923400.0,21000,2024-05-01 15:00:00+00,true,false
26-35,2347,반려동물과 내 궁합,일반운세,타로,46,34350.0,1500,,true,false
26-35,28380,[3단계 재회 실전] 연락 그리고 타이밍,연애,타로,46,315600.0,9000,2023-06-01 15:00:00+00,true,false
26-35,41566,2025년 놓치면 안 될 3번의 기회,일반운세,사주,46,820500.0,21000,2024-09-19 15:00:00+00,false,true
26-35,56581,{{이름}}님 관상에 보이는 결혼수: 상대 & 시기_패키지,결혼,기타,45,656250.0,18750,,false,false
26-35,54040,독이 되는 관계: 11카드 스프레드,연애,,44,1200600.0,30000,,false,false
26-35,26009,"내 사주로 월 1,000만 원 버는 부업은?",재물금전,사주,44,844950.0,21000,2023-02-22 15:00:00+00,true,false
26-35,18701,사주로 보는 재테크 비법,재물금전,사주,44,82650.0,4500,2020-10-07 15:00:00+00,true,false
26-35,2417,사주로 보는 그 사람 연애 유형,연애,사주,44,304500.0,7500,2021-07-22 15:00:00+00,true,false
26-35,26090,나를 얼마나 좋아하고 있을까?,연애,,44,471750.0,9000,2023-03-13 15:00:00+00,true,false
26-35,2418,사주로 보는 내 타고난 결혼운,결혼,사주,41,640800.0,18000,2021-06-27 15:00:00+00,true,false
26-35,29193,내 사주 속 최고의 겉궁합 VS 속궁합 상대는?,연애,사주,41,741000.0,21000,2023-06-01 16:00:00+00,true,false
26-35,998,공황장애 진단,기타,진단,41,11100.0,900,,true,false
26-35,32961,사주팔자 : 타고난 내 운명의 짝은,연애,,41,159450.0,15000,2024-01-17 05:00:00+00,true,false
26-35,34952,손금으로 보는 결혼운 : 결혼하면 어떨까?,결혼,손금,41,1043850.0,31500,2023-11-19 15:00:00+00,true,false
26-35,23882,(추천할인) 내 운명 지금 어디 있을까?,연애,사주,41,589200.0,18000,,false,false
26-35,2262,내 연애 애착유형 분석,연애,진단,40,84150.0,4500,,true,false
26-35,30282,내 운이 트이는 동네는?(경기도 편),일반운세,사주,40,835200.0,24000,2023-06-23 03:12:12+00,true,false
26-35,35626,사업 vs 직장: 경제적 자유 누리는 법,학업직업,사주,40,585300.0,16500,2023-11-07 16:00:00+00,true,false
26-35,21139,(추천할인) 다음 연애 상대와의 궁합은?,연애,타로,39,144000.0,9000,,false,false
26-35,55426,도화홍염관상_진짜가짜관상 패키지,결혼,기타,39,574050.0,21000,,false,false
26-35,30055,"타로 직장운: 지금 고민, 풀리는 시기는?",학업직업,타로,39,662100.0,15000,2023-06-16 06:15:15+00,true,false
26-35,39553,"타고난 내 몸 살리는 ""사주 오행"" 다이어트 💪🏻",자기탐구,사주,39,510600.0,16500,,true,false
26-35,2222,ADHD 진단,기타,진단,39,16050.0,900,,true,false
26-35,52888,하반기 무물타로: 10카드 스프레드,기타,,38,744450.0,28950,,false,false
26-35,27326,내 사주의 가장 강한 복은 뭘까?,일반운세,사주,38,615750.0,21000,2023-04-26 15:00:00+00,true,false
26-35,22792,사주오행 활용: 내가 갑이 되는 연애법,연애,사주,38,692700.0,21000,2022-09-05 15:00:00+00,true,false
26-35,20054,반드시 잡아야 할 내 인생의 귀인은? (추천할인),일반운세,사주,37,480150.0,15000,,false,false
26-35,25337,(추천할인) 사주로 보는 그 사람의 속마음,연애,사주,37,578100.0,18000,,false,false
26-35,54010,독이되는 관계: 7카드 스프레드,연애,,37,801300.0,25800,,false,false
26-35,30379,"내 사주의 천지인(天地人): 천운과 미래의 집, 그리고 인연",연애,사주,37,775800.0,24000,,true,false
26-35,37876,손금 연애운: 솔로탈출 가능할까?,연애,손금,37,557250.0,18000,2024-01-22 15:00:00+00,true,false
26-35,39421,나는 결혼해야 좋은 팔자일까?,결혼,사주,37,683850.0,21000,2024-03-13 16:00:00+00,true,false
26-35,24870,내 운명의 인연 + 도화살 풀이,연애,사주,36,1154700.0,36900,2022-12-14 15:00:00+00,false,false
26-35,43877,[특별페이백] 사주로 보는 결혼 : 그 사람의 본심 👤,결혼,사주,36,692400.0,21000,,false,false
26-35,43284,[히든스킬] 그 사람과 나의 3가지 사주궁합,연애,사주,36,680850.0,27000,,false,false
26-35,32372,두근두근 소개팅 어떻게 될까?,연애,,36,8100.0,300,2023-08-07 15:00:00+00,true,false
26-35,24472,반드시 성공할 사업 분야와 기회는?,학업직업,사주,36,608250.0,18000,2022-11-21 15:00:00+00,true,false
26-35,2295,부모님이랑 왜 부딪칠까,일반운세,타로,35,20100.0,1500,,true,false
26-35,21145,(추천할인) 썸 어떻게 될까?,연애,타로,34,125550.0,9000,,false,false
26-35,20083,3개월안에애인생길까_추천할인,연애,타로,34,461550.0,13500,,false,false
26-35,2370,번아웃 증후군 진단,기타,진단,34,16050.0,900,,true,false
26-35,18664,내 사주는 부자 사주 vs 가난한 사주,재물금전,사주,33,789900.0,24000,2021-08-05 15:00:00+00,true,false
26-35,18601,내 인생의 귀인: 놓치면 안 될 한 사람,일반운세,타로,33,173700.0,12000,2020-07-07 10:48:00+00,true,false
26-35,30941,"(추천할인) 그 사람과 나는 미래에 친구일까, 연인일까?",연애,타로,33,247500.0,18000,,false,false
26-35,40749,난 누구랑 결혼할까? : 운명의 후보 TOP 2,결혼,점성학,32,561300.0,21000,2024-05-15 16:00:00+00,true,false
26-35,56251,신년 타로: 10카드,기타,,32,67050.0,2250,,false,false
26-35,22426,내 인생의 귀인 + 피해야 할 악인은?,일반운세,사주,32,870150.0,31500,2022-08-23 15:00:00+00,true,false
26-35,38469,"핵심 임신운👼🪽 이 달 내로의 임신가능성? (미혼, 기혼 모두 가능) 1카드, 1500자",가족자녀,,32,454050.0,14850,2024-02-13 15:00:00+00,true,false
26-35,21172,"(추천할인) 다가올 인연의 외모, 성격, 직업은?",연애,타로,31,101850.0,9000,,false,false
26-35,22987,다음 연애의 시작 | 새로운 인연,연애,,31,281400.0,18000,2022-12-01 15:00:00+00,true,false
26-35,26981,그 사람 나랑 사귀고 싶어할까?,연애,,30,237900.0,9000,2023-05-13 15:00:00+00,true,false
26-35,21149,(추천할인) 재회 가능성 있을까?,연애,타로,30,107100.0,9000,,false,false
26-35,37773,[학부모 필독 사주] 내 아이의 재능과 운명,가족자녀,사주,30,568050.0,21000,2024-01-24 16:00:00+00,true,false
26-35,59420,[추가 궁합 진단] 최고의 선택일까?: 결혼 궁합 진단,결혼,사주,30,229950.0,10500,,false,false
26-35,25133,내 사주의 투자운: 빠르게 부자 되는 법,재물금전,사주,30,233250.0,10500,2022-12-26 15:00:00+00,true,false
26-35,20183,내 운명의 상대(추천 할인),연애,사주,30,397950.0,15000,,false,false
26-35,20908,[타고난 궁합 사용자 전용] 그 사람과 나의 사주궁합,연애,사주,30,618750.0,21000,,false,false
26-35,30841,이번에 합격운 있을까?,학업직업,,30,71250.0,3600,2023-07-04 15:00:00+00,true,false
36-50,55360,2026년 신년운세 보고서,총운,사주,2411,8.26296E7,37500,2025-09-03 15:00:00+00,true,false
36-50,2141,그 사람의 속마음,연애,타로,1309,5599500.0,1500,,true,false
36-50,49255,내 팔자에 새겨진 천년배필,연애,사주,1166,2.286585E7,21000,2025-04-29 15:00:00+00,true,false
36-50,2166,그 사람과 나의 사주 궁합,연애,사주,823,1.69113E7,21000,2021-09-07 15:00:00+00,true,false
36-50,50014,2025년 하반기 운세 보고서,총운,사주,800,2.15175E7,31500,2025-05-28 15:00:00+00,false,true
36-50,44273,🔋질문권 충전 (3개),기타,,682,356250.0,3000,,false,false
36-50,57670,2026 병오년 운세: 사랑과 인연,연애,사주,650,1.14648E7,19500,2025-12-03 15:00:00+00,true,false
36-50,400,다시 만날 수 있을까,연애,타로,641,1694700.0,1500,,true,false
36-50,49816,재회 사주: 헤어져도 다시 만날 필연,연애,사주,624,1.50792E7,27000,2025-05-14 15:00:00+00,true,false
36-50,55723,2026년 솔로 탈출 시기,연애,사주,602,1.337595E7,24000,2025-09-25 15:00:00+00,true,false
36-50,50312,2025 을사년 하반기 애정운,연애,사주,580,1.12515E7,21750,2025-05-21 15:00:00+00,false,true
36-50,47704,삼신할매가 점지한 내 진짜 인연 VS 가짜 인연,연애,사주,577,1.089255E7,24000,,true,false
36-50,54701,[박향옥 철학관] 추가 질문 1개,결혼,사주,568,2840400.0,3000,,false,false
36-50,52621,{{이름}}님의 3번의 결정적 결혼수💍,결혼,사주,497,9369300.0,24000,2025-07-16 15:00:00+00,true,false
36-50,59089,내 운명 지도: 전국편,연애,사주,494,8871300.0,19500,2026-02-25 15:00:00+00,true,false
36-50,49882,그 사람의 숨겨진 진짜 속마음 💟,연애,타로,434,3213000.0,2250,2025-05-14 15:00:00+00,true,false
36-50,54668,결혼 사주 즉문즉답: 시기・상대・개운・팔자,결혼,사주,432,8243100.0,19500,2025-08-21 15:00:00+00,true,false
36-50,2505,지금 날 좋아하는 사람은?,연애,타로,425,1925100.0,1500,,true,false
36-50,57769,2026년 족집게 애정운 🌸,연애,사주,421,7743900.0,19500,2025-12-10 15:00:00+00,true,false
36-50,17212,그 사람이 연락을 안 하는 이유,연애,타로,395,943050.0,1500,2020-03-30 15:00:00+00,true,false
36-50,2236,전연인 어떻게 지낼까,연애,타로,385,915900.0,1500,,true,false
36-50,2142,재회확률 높이는 법,연애,타로,373,662250.0,1500,,true,false
36-50,2165,사주로 보는 재물운,재물금전,사주,371,512550.0,1500,,true,false
36-50,58462,내 사주 관운: 지금 직장 최선일까?,학업직업,사주,367,5981400.0,18000,2026-01-21 15:00:00+00,true,false
36-50,57373,2026 신년 직업・재물운: 커리어/연봉/부업・사업,재물금전,사주,361,6095850.0,19500,2025-11-19 15:00:00+00,true,false
36-50,31435,지금 날 간절히 원하는 사람 누구일까?,연애,타로,359,7474500.0,18000,2023-07-20 16:00:00+00,true,false
36-50,51565,2025년 하반기 솔로 탈출 시기,연애,사주,356,7005750.0,19500,2025-07-02 15:00:00+00,false,true
36-50,27376,결혼 OX 궁합: 이 사람과 결혼해도 될까?,결혼,사주,346,7061100.0,21000,2023-04-26 16:00:00+00,true,false
36-50,49519,임신운 풀이: 삼신할매가 점지한 우리 아가,가족자녀,사주,344,1.03323E7,31500,2025-05-08 15:00:00+00,true,false
36-50,48332,🪡6개월 내 반드시 만나게 될: 붉은 실 인연🧶,연애,타로,338,6152850.0,18750,2025-03-27 15:00:00+00,true,false
36-50,57010,2026 신년 애정운: 연애/재회/미혼/기혼,연애,사주,335,5633100.0,19500,2025-11-13 15:00:00+00,true,false
36-50,47935,재회OX궁합: 붙잡을 운명 vs 놓아줄 인연,연애,사주,330,7966800.0,27000,2025-03-12 15:00:00+00,true,false
36-50,23878,내 운명 지금 어디 있을까?,연애,사주,326,5669400.0,18000,2022-10-18 15:00:00+00,true,false
36-50,47506,"재회 사주, 속마음 타로: {{이름}}님은 n일 뒤 재회합니다",연애,타로,325,6319500.0,18000,2025-02-19 15:00:00+00,true,false
36-50,56516,[창광] 26년 병오년 직업운과 합격운,학업직업,사주,318,5740050.0,20250,2025-10-29 15:00:00+00,true,false
36-50,28894,재회 사주: 그 사람과 다시 만날 운명일까?,연애,사주,317,6972900.0,27000,2023-06-01 06:39:39+00,true,false
36-50,26805,그 사람과 나의 3가지 사주궁합,연애,사주,312,7514400.0,27000,2023-04-14 07:00:00+00,true,false
36-50,43117,내 사주의 사랑운: 연애만? 결혼까지!,연애,사주,308,5189100.0,18000,2024-08-15 16:00:00+00,true,false
36-50,1210,우리 얼마나 오래 갈까?,연애,타로,307,656400.0,1500,,true,false
36-50,55195,사주 살풀이: 타고난 살과 2026년의 살,일반운세,사주,302,5526000.0,21000,2025-09-10 15:00:00+00,true,false
36-50,57439,2026년에 찾아올 두 명의 인연,연애,사주,301,6958500.0,24000,2025-11-27 15:00:00+00,true,false
36-50,55789,2026 신년운세 즉문즉답: 애정・재물・직업・대운,연애,사주,299,7482600.0,28500,2025-09-18 15:00:00+00,true,false
36-50,56416,[창광] 26년 병오년 사랑운과 인연운,연애,사주,296,5138250.0,20250,2025-10-15 15:00:00+00,true,false
36-50,51301,사주+타로: 임신운 심층 분석,가족자녀,타로,291,8448000.0,31500,2025-06-19 15:00:00+00,true,false
36-50,42952,내 사주에 쓰인 운명의 배우자,연애,사주,290,4375350.0,18000,2024-08-07 15:00:00+00,true,false
36-50,56614,"[창광] 신년운세 통합본 ""2026년 병오년""",총운,사주,280,1.593645E7,66000,2025-11-05 15:00:00+00,true,false
36-50,21799,월지로 보는 인연: 배우자가 될 3명의 후보,연애,사주,279,4706100.0,18000,2025-02-06 15:00:00+00,true,false
36-50,523,결혼한다면 어떨까?,결혼,타로,278,250950.0,1500,,true,false
36-50,43416,[히든스킬] 내 사주의 연애와 결혼: 운명의 두 사람,연애,사주,273,3220950.0,18000,,false,false
36-50,56515,[창광] 26년 병오년 재물운과 문서운,재물금전,사주,264,4479750.0,20250,2025-10-22 15:00:00+00,true,false
36-50,58165,인연 찾기: 시기/상대/만나는 방법,연애,사주,263,4413600.0,19500,2026-01-07 15:00:00+00,true,false
36-50,48892,🩵하늘이 맺어준 혼인길 점괘🩵,결혼,사주,262,5351100.0,21000,2025-04-16 15:00:00+00,true,false
36-50,25978,D-DAY 재회 타로: 다시 만날 수 있을까?,연애,타로,248,4317300.0,18000,2023-03-08 15:00:00+00,true,false
36-50,18705,나는 결혼해도 되는 사주일까?,결혼,사주,242,687000.0,3000,2020-09-22 15:00:00+00,true,false
36-50,13663,어떤 사람과 사귈 운명일까?,연애,타로,230,346050.0,1500,,true,false
36-50,25297,사주로 보는 그 사람의 속마음,연애,사주,226,4457850.0,18000,2023-01-09 15:00:00+00,true,false
36-50,42660,"우리 커플 삼단궁합 : 연애궁합, 속궁합, 결혼궁합",연애,사주,221,5061600.0,27000,2024-07-26 02:00:01+00,true,false
36-50,57934,2026 신년 결혼운: 내 인생 최고의 배우자는?,결혼,사주,219,3643950.0,19500,2025-12-18 04:30:00+00,true,false
36-50,50542,[창광] 25년 하반기: 사랑운과 인연운,연애,사주,217,3685350.0,20250,2025-06-04 15:00:00+00,false,true
36-50,56648,재회 궁합: 그 사람 반드시 돌아오게 하는 법,연애,사주,211,4336050.0,24000,2025-10-29 15:00:00+00,true,false
36-50,58792,"내 사주 최고의 결혼, 최악의 결혼",결혼,사주,207,3696450.0,19500,2026-02-04 15:00:00+00,true,false
36-50,56255,2026년 놓치면 안 될 3번의 기회,일반운세,사주,206,4011450.0,21000,2025-10-09 15:00:00+00,true,false
36-50,53974,이 3번의 기회로: 상위 N% 부자가 됩니다,재물금전,사주,206,3762450.0,19500,2025-08-07 15:00:00+00,true,false
36-50,50773,[창광] 25년 하반기: 직업운과 합격운,학업직업,사주,203,3449850.0,20250,2025-06-18 15:00:00+00,false,true
36-50,18270,그 사람 아직 나한테 미련 있을까?,연애,타로,202,2263350.0,10500,2020-06-18 15:00:00+00,true,false
36-50,26214,그 사람도 날 좋아할까?,연애,타로,202,4445550.0,15000,2023-03-26 15:00:00+00,true,false
36-50,58528,시절 인연 vs 평생 인연,연애,사주,201,3546150.0,18750,2026-01-15 15:00:00+00,true,false
36-50,50774,[창광] 25년 하반기: 재물운과 문서운,재물금전,사주,187,3282750.0,20250,2025-06-12 02:00:00+00,false,true
36-50,20974,타고난 부(富): 내 사주 재물운과 평생 모을 재산은?,재물금전,사주,185,2983500.0,18000,2022-05-03 15:00:00+00,true,false
36-50,56254,결혼 궁합: 부부 합과 결혼 후 모습,연애,사주,180,3757950.0,24000,2025-10-01 15:00:00+00,true,false
36-50,41074,[완결판] 곧 다가올 나의 인생 연애,연애,타로,172,3147450.0,19500,2024-05-22 15:00:00+00,true,false
36-50,20348,타고난 궁합: 우리 사이 몇 점일까?,연애,사주,171,184050.0,3000,2022-03-27 15:00:00+00,true,false
36-50,21734,그 사람 속마음 [심화],연애,타로,168,4147350.0,18000,2022-06-28 15:00:00+00,true,false
36-50,59122,OO년 주목! 팔자가 뒤바뀌는 돈복 타이밍,재물금전,사주,164,2777100.0,19500,2026-03-04 15:00:00+00,true,false
36-50,34636,내 사주에 자녀 몇 명일까?: 타고난 재능과 성공운까지,가족자녀,사주,163,1494000.0,9000,2023-10-02 16:00:00+00,true,false
36-50,19192,타고난 결혼운 + 내 운명의 상대,결혼,사주,158,4564650.0,36000,2021-08-23 15:00:00+00,true,false
36-50,39091,재회 타로 : 그 사람의 첫 연락,연애,타로,157,2220450.0,13500,,true,false
36-50,58132,대운 풀이: 반드시 찾아올 3번의 기회,총운,사주,157,2632950.0,19500,2026-01-01 15:00:00+00,true,false
36-50,59782,"★{{시스템_생년}}★년생이면 꼭 봐야 할, 3번의 기회",일반운세,사주,157,2671500.0,19500,2026-04-01 15:00:00+00,true,false
36-50,53710,내 사주 일복: 평생 일할 팔자 vs 놀고먹는 팔자,일반운세,사주,156,2880000.0,19500,2025-07-24 15:00:00+00,true,false
36-50,24572,"{{이름}}[[이의/의]] 운명의 인연, 언제 만날까?",연애,사주,151,2609700.0,18000,2025-01-22 15:00:00+00,true,false
36-50,60013,내 운이 트이는 동네: 전국편,,사주,148,2589300.0,19500,2026-04-15 15:00:00+00,true,false
36-50,18648,내가 관심 있는 거 눈치챘을까?,연애,타로,148,129900.0,1500,2020-07-28 15:00:00+00,true,false
36-50,2127,이 주의 금전운,재물금전,타로,147,134550.0,1500,,true,false
36-50,22360,사주로 보는 내 결혼 상대는?,결혼,사주,144,2344650.0,18000,2022-08-10 15:00:00+00,true,false
36-50,18104,전연인 어떻게 지낼까 + 재회확률 높이는 법,연애,타로,142,321750.0,3000,,true,false
36-50,23705,그 사람 얼마나 잘 지낼까?,연애,타로,139,926850.0,1500,2022-09-29 15:00:00+00,true,false
36-50,48463,나만 몰랐던 호감시그널 : 붉은 실 인연🧶,연애,타로,137,3281700.0,18000,2025-04-02 15:00:00+00,true,false
36-50,538,이직해도 될까,학업직업,타로,135,145650.0,1500,,true,false
36-50,21964,내 사주에 연애 상대 몇 명 있을까?,연애,사주,134,2423850.0,24000,2022-07-21 15:00:00+00,true,false
36-50,16377,3개월 안에 다시 만날 수 있을까?,연애,타로,133,1389000.0,9000,,true,false
36-50,2303,그 사람과 나의 전생 관계,연애,점성학,132,93900.0,1500,,true,false
36-50,18646,그 사람 나랑 '어디까지' 상상해봤을까?,연애,타로,124,484500.0,1500,2020-07-30 11:47:00+00,true,false
36-50,37705,재회 vs 작별: 운명에 새겨진 우리의 엔딩,연애,사주,123,2411100.0,21000,2024-01-17 16:00:00+00,true,false
36-50,30940,이 사랑의 결말: 그 사람과 나의 인연,연애,타로,120,2789100.0,18000,2023-07-05 16:00:00+00,true,false
36-50,16426,좋아하는 그 사람의 속마음은?,연애,타로,120,1551450.0,10500,2019-12-19 15:00:00+00,true,false
36-50,60080,결혼 상대 외모 스펙: 상위 몇%일까?,,사주,119,2106900.0,19500,2026-04-23 15:00:00+00,true,false
36-50,18639,걔는 나를 연애 상대로 볼까?,연애,타로,119,1181700.0,9000,2020-07-22 15:00:00+00,true,false
36-50,2217,그날 헤어지지 않았다면,연애,타로,117,88800.0,1500,,true,false
36-50,2422,특정 날짜 내 사주 운세,일반운세,사주,115,275250.0,1500,,true,false
36-50,59584,그 사람의 속마음: 연애/결혼/재회/짝사랑,연애,사주,113,2323800.0,19500,2026-03-25 15:00:00+00,true,false
36-50,2227,동갑vs연하vs연상,연애,타로,110,94350.0,1500,,true,false
36-50,23089,연봉 상승 비책: 올해 취업•이직운,재물금전,사주,110,1852200.0,18000,2025-01-30 15:00:00+00,true,false
36-50,18142,"다음 연애 언제, 어디서 시작될까?",연애,타로,107,1326150.0,12000,2020-06-03 15:00:00+00,true,false
36-50,42062,사주 살풀이: 타고난 살과 2025년의 살,일반운세,사주,106,1348350.0,21450,2024-08-28 15:00:00+00,false,true
36-50,26500,"내 사주의 천생연분, 어떤 사람일까?",연애,사주,106,1848900.0,21000,2023-04-06 10:00:00+00,true,false
36-50,23088,오늘의 썸 연애운: 그 사람과 잘 되는 법,연애,사주,105,73650.0,1500,2022-09-21 15:00:00+00,true,false
36-50,23187,이번 주에 만나게 될 인연은?,연애,타로,104,85200.0,1500,2022-09-26 15:00:00+00,true,false
36-50,43249,"사주 직업 컨설팅: 사업, 직장, 업종",학업직업,사주,104,1634250.0,18000,2024-08-22 15:00:00+00,true,false
36-50,51499,[창광] 25년 하반기 운세 통합편,총운,사주,104,5917650.0,66000,2025-06-25 15:00:00+00,false,true
36-50,60674,"내 능력보다 크게 성공하기: 재능, 타이밍, 인복",,사주,100,1681500.0,19500,2026-05-06 15:00:00+00,true,false
36-50,2465,사주로 보는 내 전성기,일반운세,사주,100,423600.0,9000,,true,false
36-50,58759,"재회의 조건: 골든타임, 시그널, 행동지침",연애,사주,99,1945500.0,19500,,true,false
36-50,50344,[추가구매] 2025 을사년 하반기 애정운,연애,사주,99,942000.0,9000,,false,true
36-50,18467,먼저 연락 올 확률은?,연애,타로,99,859950.0,6000,2020-07-07 15:00:00+00,true,false
36-50,2441,우리 커플 스킨십 궁합은?,연애,타로,97,89400.0,1500,,true,false
36-50,2202,사주로 보는 직업운,학업직업,사주,96,144600.0,1500,,true,false
36-50,30875,내 사주 배우자 궁(宮)에 있는 사람은?,연애,사주,96,1915500.0,27000,2023-07-03 16:00:00+00,true,false
36-50,2196,헤어진 사람 잊는 법,연애,타로,95,76200.0,1500,,true,false
36-50,27706,비로소 만나게 될 나의 운명,연애,타로,94,1332450.0,15000,2023-06-06 16:00:00+00,true,false
36-50,47737,"'OO세, 이 선택으로 운명이 바뀝니다'",일반운세,사주,94,1721400.0,18000,2025-03-05 15:00:00+00,true,false
36-50,2155,이달의 취업운은 어떨까?,학업직업,타로,93,82200.0,1500,,true,false
36-50,20320,(추천할인) 우리 사귈 수 있을까?: 사귈 확률 계산기,연애,타로,92,746100.0,9000,,false,false
36-50,43415,[히든스킬] 내 사주에 쓰인 운명의 배우자,결혼,사주,92,1509300.0,18000,,false,false
36-50,2240,연애할 때 내 매력은 뭘까?,연애,타로,92,105900.0,1500,,true,false
36-50,453,내 인생 황금기와 암흑기: 사주팔자 풀이,일반운세,사주,92,1509300.0,18000,,true,false
36-50,44899,임신 타로: 이번 달 우리 아기 찾아올까?,가족자녀,타로,91,2437500.0,29250,2024-11-27 15:00:00+00,true,false
36-50,2265,내 연애가 유독 힘든 이유,연애,타로,89,62250.0,1500,,true,false
36-50,2151,우리가 헤어진 이유,연애,타로,89,65400.0,1500,,true,false
36-50,45658,이 사람과 결혼해도 될까?: 결혼 전 필수 궁합,결혼,사주,89,2043900.0,21000,2025-01-02 15:00:00+00,true,false
36-50,2219,다른 사람이 보는 내 매력과 장점은?,일반운세,타로,89,146550.0,1500,,true,false
36-50,59452,추가조언_고민 OX 타로,기타,,88,36750.0,150,,false,false
36-50,2429,그 사람과 사귀면 어떨까?,연애,타로,88,288750.0,1800,,true,false
36-50,26502,사주로 보는 결혼수: 나는 언제 결혼할까?,결혼,사주,87,2164050.0,27000,2023-03-30 15:00:00+00,true,false
36-50,18653,내 SNS 염탐하는 사람 있을까?,연애,타로,87,144150.0,1500,2020-09-16 15:00:00+00,true,false
36-50,18301,{{이름}}[[이의/의]] 11월 종합운,일반운세,타로,86,1317300.0,12000,,true,false
36-50,45097,헤어진 X와 재회할 수 있을까?,연애,사주,86,1948950.0,27000,2024-11-20 15:00:00+00,true,false
36-50,18105,다가올 인연의 외모·성격·직업은?,연애,타로,86,796650.0,9000,2020-05-31 15:00:00+00,true,false
36-50,18144,그 사람 손절할까 말까?,연애,타로,86,232650.0,1500,2020-06-10 15:00:00+00,true,false
36-50,55492,재회 타로 즉문즉답: 그 사람 속마음·재회 가능성,연애,타로,86,1845900.0,25800,2025-09-11 15:00:00+00,true,false
36-50,23222,그 사람 나한테 왜 이럴까?,연애,타로,85,400800.0,1500,2022-09-27 15:00:00+00,true,false
36-50,35527,사주 궁합으로 보는 우리의 현재와 미래,연애,사주,85,1737150.0,21000,2023-10-31 16:00:00+00,true,false
36-50,537,나에게 어울리는 직업은?,학업직업,타로,84,81450.0,1500,,true,false
36-50,2425,이달의 합격운,학업직업,사주,83,314100.0,3000,,true,false
36-50,540,직장사람 속마음,연애,타로,83,84150.0,1500,,true,false
36-50,2366,지금 헤어져도 될까,연애,타로,83,180450.0,1500,,true,false
36-50,24871,1년 뒤 그 사람과 무슨 사이일까?,연애,타로,83,286350.0,3600,2022-12-14 15:00:00+00,true,false
36-50,53875,짝사랑에서 썸까지: 우리 무슨 사이일까?,연애,타로,83,1633050.0,18000,2025-07-30 15:00:00+00,true,false
36-50,16378,짝사랑 이루어질까?,연애,타로,82,1249650.0,9000,,true,false
36-50,49921,연애 무물 타로: 11카드 스프레드,연애,,81,1565250.0,30000,,false,false
36-50,57835,[추가구매] 2026 병오년 운세: 사랑과 인연,연애,사주,81,764100.0,9000,,false,false
36-50,2351,퇴사할까 말까,학업직업,타로,79,70500.0,1500,,true,false
36-50,59353,시기로 보는 연애운: 똥차 시기 & 꽃길 시기,연애,사주,78,1382400.0,19500,2026-03-11 15:00:00+00,true,false
36-50,20347,내 인생의 귀인 + 운명의 상대는?,연애,사주,78,965400.0,30000,2022-03-24 15:00:00+00,true,false
36-50,44276,🪫질문권 추가 충전 (1개),기타,,78,142650.0,1500,,false,false
36-50,36042,사주로 보는 그 사람의 '진짜' 속마음🚨,연애,사주,78,1718700.0,21000,2023-11-15 16:00:00+00,true,false
36-50,56383,2026년 나에게 찾아올 12가지 행운,총운,타로,77,818100.0,13500,2025-10-09 15:00:00+00,true,false
36-50,60244,연애 상대 스포: 내 사주 존잘/존예,,사주,77,1348650.0,19500,2026-04-29 15:00:00+00,true,false
36-50,43513,2025 을사년 운세: 사랑과 인연,연애,사주,77,1330200.0,19500,2024-09-10 15:00:00+00,false,true
36-50,18641,걔도 지금 나 보고 싶을까?,연애,타로,76,1162050.0,6000,,true,false
36-50,2128,연애운 높이는 노하우,연애,타로,75,51750.0,1500,,true,false
36-50,28729,내 운이 트이는 동네는?(서울편),일반운세,사주,74,1551450.0,24000,2023-05-25 23:25:30+00,true,false
36-50,2503,그 사람이 보는 내 이미지,연애,타로,73,188550.0,1500,,true,false
36-50,54271,연락타로: 그 사람 속마음 & 행동지침,연애,타로,71,1480950.0,18000,2025-08-13 15:00:00+00,true,false
36-50,2328,내 운명의 상대,연애,사주,71,1082100.0,15000,2021-02-11 15:00:00+00,true,false
36-50,16223,솔로 탈출 언제 가능할까?,연애,타로,70,649950.0,9000,,true,false
36-50,56185,2026년 신년운세: 궁금한 건 다 봐주는 신년 타로,총운,타로,69,1376550.0,25800,2025-10-01 15:00:00+00,true,false
36-50,2329,화 풀어주는 법,일반운세,타로,69,57150.0,1500,,true,false
36-50,2326,그 사람과 나의 속궁합,연애,사주,68,1545150.0,21000,2021-03-04 15:00:00+00,true,false
36-50,34575,절대로 놓치면 안 될 결혼 상대와 시기는?,결혼,사주,66,1287300.0,21000,2023-09-24 16:00:00+00,true,false
36-50,59419,최고의 선택일까?: 결혼 궁합 진단,결혼,사주,66,1263300.0,19500,2026-03-18 15:00:00+00,true,false
36-50,2216,그 회사가 나랑 잘 어울릴까?,일반운세,타로,66,236700.0,1500,,true,false
36-50,18502,그 사람이랑 결혼하면 어떨까?,연애,타로,66,293100.0,9000,,true,false
36-50,18635,사주로 보는 대박 부업운,재물금전,사주,66,142200.0,4500,2020-07-22 10:30:00+00,true,false
36-50,2253,결혼 위기 극복법,결혼,타로,66,51450.0,1500,,true,false
36-50,2237,그 사람의 변심 이유,연애,타로,64,183000.0,1500,,true,false
36-50,21040,타고난 부(富): 재물운과 평생 모을 재산은?,재물금전,사주,64,1073250.0,18000,,true,false
36-50,34075,"불안한 사랑, 우리 관계의 미래는?",연애,사주,63,3855750.0,49500,,true,false
36-50,49917,연애 무물 타로: 7카드 스프레드,연애,,62,1122600.0,25800,,false,false
36-50,25204,플러팅 타로: 내가 끌리는 VS 내게 끌리는 사람,일반운세,타로,60,1059750.0,18000,2023-01-04 15:00:00+00,true,false
36-50,46384,이번 달 임신 확률은?,가족자녀,타로,60,1075050.0,18000,2025-01-08 15:00:00+00,true,false
36-50,2129,싸우지 않으려면,연애,타로,60,58050.0,1500,,true,false
36-50,2272,나는 어떤 타입과 어울릴까?,일반운세,타로,59,45450.0,1500,,true,false
36-50,42036,[CRM할인] D-DAY 타로: 솔로 탈출까지 며칠 남았을까?,연애,타로,59,772650.0,16500,,false,false
36-50,43216,2025년 신년운세 보고서,총운,사주,59,1189650.0,37500,2024-09-04 15:00:00+00,false,true
36-50,47638,"🏆재물, 커리어, 학업: 황금 타이밍",재물금전,사주,59,948750.0,18000,2025-02-26 15:00:00+00,true,false
36-50,2170,우리가 헤어진다면,연애,타로,58,124800.0,1500,,true,false
36-50,58990,"내 사주 자식복: 관계, 출세, 노후",가족자녀,사주,58,1059000.0,19500,2026-02-19 15:00:00+00,true,false
36-50,48925,{{이름}}[[이의/의]] 연애 O X : 직진해도 될까?,연애,타로,57,968100.0,16500,2025-04-23 15:00:00+00,true,false
36-50,58957,임신 궁합: 택일과 길일,가족자녀,사주,57,1644750.0,31500,2026-02-11 15:00:00+00,true,false
36-50,19002,이별리셋 패키지: 전애인 후폭풍 + 재회운,연애,타로,57,1037550.0,18000,,true,false
36-50,26182,인생 역전의 비밀: 내 사주에 주목할 운명은?,일반운세,사주,56,1117950.0,27000,2023-03-09 15:00:00+00,true,false
36-50,2395,내 첫인상 어떨까?,일반운세,타로,54,47700.0,1500,,true,false
36-50,18668,사주로 보는 성격유형,자기탐구,사주,52,49950.0,9900,,true,false
36-50,2250,면접 합격할 수 있을까?,학업직업,타로,51,132300.0,1500,,true,false
36-50,25454,인생역전 3대운 풀이: 대운은 언제 들어올까?,일반운세,사주,50,973650.0,21000,2023-02-07 15:00:00+00,true,false
36-50,20314,(추천할인) 그 사람과 나의 속궁합,연애,사주,50,900150.0,21000,,false,false
36-50,55361,[2인 할인] 2026년 신년운세 보고서,총운,,50,3098850.0,75000,,false,false
36-50,16379,썸 어떻게 될까?,연애,타로,49,379200.0,9000,,true,false
36-50,23186,이번 주에 고백하면 성공할까?,연애,타로,49,34800.0,1500,2022-09-26 15:00:00+00,true,false
36-50,45526,"재물운 심층 분석: 30년 뒤, 상위 % 일까?",재물금전,사주,49,804750.0,18000,2024-12-11 15:00:00+00,true,false
36-50,44274,🔋질문권 충전 (5개),기타,,49,192750.0,4500,,false,false
36-50,45625,내 사주에 결혼? 필수 vs 선택,결혼,사주,48,962850.0,21000,2024-12-18 15:00:00+00,true,false
36-50,536,시험 잘 볼 수 있을까,학업직업,타로,48,135600.0,1500,,true,false
36-50,526,우리가 싸우는 이유,연애,타로,48,39900.0,1500,,true,false
36-50,23883,선택 타로: 이 사람 계속 만나도 될까?,연애,타로,47,385500.0,15000,2022-10-31 15:00:00+00,true,false
36-50,2296,지금 하는 거...계속 할까 말까?,일반운세,타로,47,79650.0,1500,,true,false
36-50,47407,{{이름}}[[이의/의]] 결혼 궁합 현실판: 돈?💰 사랑?❤️,결혼,사주,47,873900.0,18000,2025-02-12 15:00:00+00,true,false
36-50,43684,[창광] 25년 을사년 재물운과 문서운,재물금전,사주,47,673350.0,18000,2024-10-10 05:00:00+00,false,true
36-50,26258,반드시 잡아야 할 내 인생의 귀인은? [실사판],일반운세,사주,47,1024050.0,21000,2023-03-14 15:00:00+00,true,false
36-50,17147,지원한 회사에 합격할 수 있을까?,학업직업,타로,47,1102800.0,9000,2020-03-26 15:00:00+00,true,false
36-50,18146,선택타로 - A vs B,일반운세,타로,46,454200.0,9000,2020-06-10 15:00:00+00,true,false
36-50,22690,일생 풀이: 천운과 타고난 복(福),일반운세,사주,46,898950.0,21000,2022-08-28 15:00:00+00,true,false
36-50,18647,둘 중 누가 더 좋아할까?,연애,타로,46,638400.0,7500,2020-07-29 10:55:00+00,true,false
36-50,28378,"[1단계 생각 정리] 미련일까, 사랑일까?",연애,타로,45,95850.0,6000,2023-05-22 15:00:00+00,true,false
36-50,2363,그 사람이 바라는 내 모습은?,연애,타로,45,79650.0,1500,,true,false
36-50,43186,[히든스킬] 그 사람 속마음 [심화],연애,타로,45,611700.0,18000,,false,false
36-50,23086,D-DAY 타로: 솔로 탈출까지 며칠 남았을까?,연애,타로,45,691200.0,16500,2022-09-21 15:00:00+00,true,false
36-50,2263,내 애인 바람기,연애,타로,44,123150.0,1500,,true,false
36-50,55030,임신·출산 타로: 임신 가능성·둘째 고민·가족의 미래,가족자녀,타로,44,805800.0,25800,2025-08-28 15:00:00+00,true,false
36-50,53644,관상 컨설팅: 미래 배우자 스펙 UP,연애,기타,43,539850.0,13500,2025-08-19 15:00:00+00,true,false
36-50,44371,도화살로 보는 연애운 전성기,연애,사주,43,728250.0,19500,2024-10-30 15:00:00+00,true,false
36-50,18933,인생 피는 필승 사주 : 내 인생 언제 필까? + 필승 개운법 일주 풀이,일반운세,사주,43,1048800.0,36000,2021-03-10 15:00:00+00,true,false
36-50,43685,[창광] 25년 을사년 직업운과 합격운,학업직업,사주,43,465750.0,18000,2024-10-16 15:00:00+00,false,true
36-50,11273,둘 중 누구를 만날까?,일반운세,타로,42,39450.0,1500,,true,false
36-50,55822,박향옥 2026 신년 리터치,총운,사주,42,26250.0,9000,2025-09-18 15:00:00+00,true,false
36-50,43447,2025년 나에게 찾아올 12가지 행운,총운,타로,42,414600.0,13500,2024-08-29 08:30:00+00,false,true
36-50,2343,우리 2세는 어떤 아이일까?,일반운세,타로,42,28350.0,1500,2020-07-30 15:00:00+00,true,false
36-50,40708,"이별, 그 후… 너와 나의 속마음",연애,타로,42,981750.0,19500,2024-05-09 16:00:00+00,true,false
36-50,20317,"(추천할인) 다음 연애 언제, 어디서 시작될까?",연애,타로,42,437250.0,12000,,false,false
36-50,29757,그 사람 미리보기,연애,사주,39,395400.0,21000,2023-06-09 05:14:14+00,true,false
36-50,18725,헤어진 연인과의 재회 확률,연애,,39,118050.0,6000,2021-01-15 02:25:00+00,true,false
36-50,24509,내 사주의 연애와 결혼: 운명의 두 사람,연애,사주,38,593100.0,18000,2022-12-11 15:00:00+00,true,false
36-50,18570,내 인생 언제 필까?: 3번의 기회🔑,일반운세,사주,38,594150.0,18000,2021-07-27 15:00:00+00,true,false
36-50,21140,(추천할인) 솔로 탈출 가능할까?,연애,타로,37,333300.0,9000,,false,false
36-50,54503,운명의 결혼 상대: 배우자 스펙·결혼 시기·만나는 법,결혼,타로,37,711750.0,25800,2025-08-21 15:00:00+00,true,false
36-50,2248,서류 합격할 수 있을까?,학업직업,타로,36,139050.0,1500,,true,false
36-50,16442,지금 직장 퇴사해도 될까?,학업직업,타로,36,338550.0,10500,2020-01-06 15:00:00+00,true,false
36-50,24082,내 아이는 출세할 사주일까?,가족자녀,사주,36,597150.0,18000,2022-11-07 15:00:00+00,true,false
36-50,20546,나에게 남은 연애 기회는?,연애,타로,36,525900.0,15000,2022-04-05 15:00:00+00,true,false
36-50,50509,[특별할인] 내 팔자에 새겨진 천년배필,연애,사주,35,584400.0,21000,,false,false
36-50,44108,2025년에 찾아올 두 명의 인연,연애,사주,35,780600.0,24000,2024-10-09 15:00:00+00,false,true
36-50,38993,사주로 보는 결혼 : 그 사람의 본심 👤,결혼,사주,35,725850.0,21000,,true,false
36-50,27178,내 사주의 배우자 궁에 있는 사람은?,연애,사주,35,775650.0,27000,2023-04-21 01:00:00+00,true,false
36-50,44277,🪫질문권 추가 충전 (3개),기타,,34,115050.0,3000,,false,false
36-50,16816,이름풀이 - 운명과 주의할 점,일반운세,사주,34,321600.0,10500,2020-03-11 15:00:00+00,true,false
36-50,42392,2025년 솔로 탈출 시기,연애,사주,34,786600.0,24000,2024-09-26 06:00:00+00,false,true
36-50,37773,[학부모 필독 사주] 내 아이의 재능과 운명,가족자녀,사주,34,696150.0,21000,2024-01-24 16:00:00+00,true,false
36-50,59914,최후 재회 방법: 도저히 붙잡히지 않는 그 사람,,사주,34,608700.0,19500,2026-04-08 15:00:00+00,true,false
36-50,43284,[히든스킬] 그 사람과 나의 3가지 사주궁합,연애,사주,33,543750.0,27000,,false,false
36-50,2251,소개팅 상대 어떤 사람일까?,연애,타로,33,32100.0,1500,,true,false
36-50,36439,"짝이 있는 그 사람, 나에게 올까?",연애,사주,33,1835250.0,49500,2023-11-28 15:00:00+00,true,false
36-50,36508,내 사주에 적힌 운명의 배우자,연애,사주,33,454950.0,15000,2023-12-06 16:00:00+00,true,false
36-50,40048,사주로 보는 인생 그래프: 일생풀이,일반운세,사주,33,1064550.0,39000,2024-04-10 15:00:00+00,true,false
36-50,24008,절대 놓치면 안 될 결혼 상대와 시기는?,결혼,사주,33,580950.0,21000,2022-11-02 15:00:00+00,true,false
36-50,43348,[히든스킬] 내 사주에 연애 상대 몇 명 있을까?,연애,,32,671700.0,24000,,false,false
36-50,2345,반려동물의 속마음,연애,타로,32,34200.0,1500,,true,false
36-50,42327,[CRM할인] D-DAY 재회 타로: 다시 만날 수 있을까?,연애,타로,32,471300.0,18000,,false,false
36-50,16446,솔로탈출 확률 계산기,연애,타로,30,127200.0,9000,2020-01-09 15:00:00+00,true,false
36-50,22195,사주로 보는 미래: 나는 언제 출세할까?,일반운세,사주,30,525750.0,18750,2022-08-08 15:00:00+00,true,false
36-50,42754,그 사람과 나의 재회 공식 3가지,연애,타로,30,510750.0,17250,2024-08-01 05:00:00+00,true,false
